original_mean,original_std,original_min,original_max,clahe_mean,clahe_std,clahe_min,clahe_max,contrast_improvement,brightness_change,image_path
139.24384880065918,69.28598561927825,0,255,139.40238761901855,69.32802528979344,1,255,0.042039670515194416,0.158538818359375,411720e11033999fe479d1c1a66819e9.jpg
155.01617813110352,42.25329556172703,0,255,150.93845081329346,49.96093323066018,0,255,7.7076376689331525,-4.077727317810059,1aebe196c344ddae48ec99b142bcf4c2.jpg
129.4621706008911,67.34094754591922,0,251,130.39551639556885,69.76751532053427,0,254,2.4265677746150516,0.9333457946777344,457e53f750c2f152033022e7918cc296.jpg
124.4543571472168,55.09602031505107,0,255,131.41174602508545,61.62270255682105,0,255,6.526682241769976,6.957388877868652,134cd4124bd1d75563cb47732742e331.jpg
140.618914604187,64.81772411057341,0,255,135.75651264190674,68.82143094698658,2,255,4.003706836413173,-4.862401962280273,2ab378a7f2524b5b5a7ea85b86f0b4ee.jpg
139.46142292022705,59.6298218024502,0,255,136.22525787353516,63.94627852665929,0,255,4.31645672420909,-3.2361650466918945,61eda4cf19454682248154196d27cf07.jpg
146.78580379486084,57.2800732740386,0,238,141.4037265777588,61.71116403202666,0,253,4.431090757988059,-5.382077217102051,3a813bd68c097cb009e6ef9d5f884489.jpg
145.9475679397583,80.36194486972343,0,255,139.27239418029785,79.02317939080218,0,255,-1.3387654789212462,-6.675173759460449,4e39db9ee3a3fa04e219e4649581708a.jpg
161.96405124664307,72.6328967813267,0,255,152.85100746154785,72.44162421146927,1,255,-0.19127256985743202,-9.113043785095215,fd709b976ae14089b17bea48208573d8.jpg
125.23123359680176,69.64585844622562,0,255,124.15764999389648,75.15753394281913,2,255,5.5116754965935115,-1.0735836029052734,713f94c56bcf0a3622522744fb0d24d7.jpg
142.0705690383911,57.234310624810426,0,255,140.04659366607666,64.19590716531538,1,255,6.961596540504949,-2.023975372314453,20d9e4989fab7ecae4243324d81ad309.jpg
110.2556324005127,64.04790557408191,0,246,117.74604797363281,66.81432196323264,0,252,2.7664163891507343,7.490415573120117,38e4156d00946746696b72f9bfa791de.jpg
120.53501510620117,65.58102158561728,0,255,122.03372478485107,71.07226195098464,2,255,5.491240365367361,1.4987096786499023,cde07682ce7758568b5a3701eee9f46a.jpg
149.2980089187622,67.47877897669375,0,255,140.61846542358398,68.73325300833704,0,255,1.2544740316432978,-8.679543495178223,d0043062cebce85f2487407bc033d405.jpg
139.8958969116211,77.5357557206447,0,255,136.3615779876709,76.12411634185129,0,255,-1.41163937879341,-3.5343189239501953,f5f8866773cc80861a7f5c30502d0fbb.jpg
137.4935178756714,50.45424892976227,0,255,139.0861701965332,56.30704833477453,1,255,5.852799405012256,1.5926523208618164,5d8c27abe7add51ed3ede20c7d091f16.jpg
99.18657493591309,44.27121713949045,5,255,115.8202896118164,52.02484825891632,1,255,7.753631119425869,16.63371467590332,ef9ba80e23c77ad5c619e74bfbdffd8b.jpg
158.57862377166748,55.22471072690121,0,245,152.77965259552002,57.38540576255113,2,251,2.1606950356499226,-5.798971176147461,64b17a1d9119aa0a4df55d164eae856b.jpg
172.79684257507324,45.76792233756961,0,237,160.74218082427979,54.219270690621585,1,249,8.451348353051976,-12.054661750793457,d5a6b16e6de1f5f21a7a549a84af463f.jpg
156.83613395690918,72.54274795399722,0,253,149.5768051147461,71.98165169960619,0,254,-0.5610962543910318,-7.259328842163086,4068af795c7cb80fec0883dab82f4fbf.jpg
143.08270645141602,91.10121397642543,0,253,133.5929470062256,88.1135638517576,0,254,-2.987650124667823,-9.48975944519043,c440f25216153cfc2bcf4af70c3d59c4.jpg
146.3550329208374,43.56861908568917,0,255,143.63577270507812,50.059392771323544,1,255,6.490773685634373,-2.7192602157592773,51a8d7259a0a6deac20b7c4979a7e847.jpg
157.03477382659912,52.3326580904849,0,255,149.53933811187744,57.4163306088295,1,255,5.083672518344599,-7.49543571472168,623a14228a9ea0c33a9012c02ef70487.jpg
116.8636417388916,72.3376450220484,0,235,121.36800003051758,73.57045494517203,1,254,1.2328099231236251,4.504358291625977,d70837c881f01f8c51afe9616879de50.jpg
150.5392427444458,77.34047146223809,0,255,142.6475591659546,76.14468967642871,2,255,-1.1957817858093733,-7.891683578491211,e9dffce64ee5dd73e861bd8c407c65cb.jpg
107.11761379241943,73.4586946723364,0,255,112.45302391052246,78.4657420348783,2,255,5.007047362541897,5.335410118103027,9def44a5c7f43c29e24752e03add7809.jpg
146.37831115722656,81.64045612520651,0,255,138.9155912399292,81.11318207737826,0,255,-0.5272740478282572,-7.462719917297363,05721adb43ab7c061733568b274c006b.jpg
156.67119979858398,48.18874648343049,0,235,150.056640625,52.8488520725854,1,247,4.6601055891549095,-6.614559173583984,008b3176a7248a0a189b5731ac8d2e95.jpg
106.18027782440186,68.13398921476767,0,255,114.62750434875488,74.64276432326945,2,255,6.50877510850178,8.447226524353027,01a3c3d994d85ce5634d2d13c03fd4b0.jpg
164.91231155395508,54.17665196742394,0,255,151.8596706390381,58.607100245842645,0,255,4.430448278418702,-13.052640914916992,1606093b9d036cda7e30316ada6ea2cf.jpg
147.28563404083252,75.66964136157182,0,255,139.68372917175293,76.36914619351245,0,255,0.6995048319406294,-7.60190486907959,e2321f70d075c658946e167356ef516c.jpg
141.23407077789307,60.738489045003384,0,248,136.4151611328125,60.66286070260228,0,253,-0.07562834240110305,-4.818909645080566,67e142bee76b89f0ca09bab8d7adaa2e.jpg
128.47970294952393,65.54126061651901,0,255,126.79285049438477,65.0310253826229,0,255,-0.5102352338961111,-1.6868524551391602,dadf619a987c90a4f2c250ae26ed2041.jpg
184.6795253753662,59.4789329150948,0,253,172.87854194641113,63.17590122452015,1,253,3.696968309425351,-11.800983428955078,c8cef7f9bbed9e8303371f940dcfc495.jpg
113.6850004196167,62.20174900554752,0,255,122.74684524536133,64.89264221189389,0,255,2.6908932063463666,9.061844825744629,d7a418b9be0b9981e1a5e81f97e70690.jpg
174.51171684265137,62.14964758823607,0,255,167.42992877960205,65.53857955376039,1,255,3.388931965524314,-7.081788063049316,3c4863368b0bf5c811a52e24fa2cd2d8.jpg
133.3121461868286,65.49957473808833,0,250,134.63209533691406,66.52180412620011,0,252,1.022229388111782,1.3199491500854492,b4fc5e0bb44a19fcb308e73639746915.jpg
159.64528369903564,71.47253263401048,0,255,151.36840438842773,73.4505061373319,0,255,1.9779735033214223,-8.27687931060791,6db6e5b15b7497f9179ec06fb3723d5c.jpg
119.21887016296387,62.431140601458075,0,254,129.36717891693115,62.85221360108151,2,255,0.4210729996234335,10.148308753967285,d252062152a9c144706233c2a544c711.jpg
139.1239538192749,50.37423889212135,0,255,140.62192344665527,59.386618612393946,1,255,9.012379720272598,1.497969627380371,0d266f5353352d86d3c092da96dc67f5.jpg
166.79643440246582,52.04000976973035,0,255,158.6575412750244,56.43552924251514,1,255,4.395519472784791,-8.138893127441406,4db4ecf3e2d32c92cf3f10c7b1643a5b.jpg
126.77486515045166,62.55919289544326,0,255,129.70796489715576,68.7647499056097,1,255,6.205557010166444,2.9330997467041016,08e3d3783927a15d35137c756c1a7e0b.jpg
148.3976287841797,74.84850598517913,0,255,140.50352668762207,75.92062057811226,1,255,1.0721145929331328,-7.894102096557617,f608bb02a0b91160b07fb867bbec84ad.jpg
122.67248153686523,61.2806669184281,0,246,127.75384712219238,62.08779677091609,1,253,0.8071298524879893,5.081365585327148,a48b09b94137d7500ba23cfc72c990fa.jpg
165.00989723205566,72.45164026075689,0,255,156.7010154724121,74.99166017549801,0,255,2.540019914741123,-8.308881759643555,8c09865ee3cb674cc41dee8bca45fe5a.jpg
153.52493858337402,77.08721857723818,0,255,144.30080604553223,75.71453175846358,1,255,-1.3726868187745964,-9.224132537841797,25897fa85891d5fcf7c65d520628cf20.jpg
150.43221950531006,76.63583753302302,0,255,146.89528846740723,75.92503153400656,0,255,-0.7108059990164577,-3.536931037902832,3dfb420f4634c36fde566f04e6d69651.jpg
149.5338363647461,79.81447288497898,0,255,147.15282249450684,78.79119666689736,2,255,-1.0232762180816195,-2.381013870239258,628ba9788c00a8fa5fd77992fa9f63ed.jpg
154.15454387664795,54.07539742165674,0,255,149.85740280151367,58.14925867902531,1,255,4.07386125736857,-4.297141075134277,a9f2816d377349f221a96f46c728d36e.jpg
168.92422199249268,63.72820076635825,0,255,161.65274906158447,66.14717796182084,1,255,2.4189771954625954,-7.271472930908203,633a915d9f92edf4edc1c4a85548201f.jpg
163.60854148864746,69.57698921638011,0,255,155.2059783935547,71.13977142741959,1,255,1.562782211039476,-8.402563095092773,73389cedf5cac39b292141ad966adfcb.jpg
121.1929407119751,55.450773287281415,0,255,129.42130851745605,56.90513120261392,2,255,1.4543579153325084,8.228367805480957,a33cd2473556d2cdfd77ba3d2fa78349.jpg
113.02591037750244,68.03271514366914,0,255,121.45059776306152,70.42662891123257,1,255,2.3939137675634328,8.424687385559082,b42962e103033ae66afb049d00cb477c.jpg
129.70342445373535,64.27880478145578,0,247,132.72448921203613,64.34587804776972,0,254,0.0670732663139404,3.0210647583007812,11dbd33fc77075c94a202362ed8e197e.jpg
169.59619998931885,50.182100264619265,0,255,157.36948490142822,60.14424119143378,1,255,9.962140926814513,-12.226715087890625,6c63a1225abbaf4be97d520df64d9125.jpg
91.7156171798706,47.71974065082031,2,238,109.92481994628906,53.241631682271,0,246,5.521891031450686,18.209202766418457,7bf14801ba177b4d09cee3dd3e452973.jpg
158.28453636169434,57.52399743494393,0,255,146.33351230621338,61.50537857642213,1,255,3.9813811414782023,-11.951024055480957,0bee0cde729de2d82b39527c37f11934.jpg
106.03867053985596,68.52760651726098,0,255,116.11624526977539,74.42780321274246,2,255,5.900196695481483,10.077574729919434,2c475d89c90a50567ba0cf5ddd62f68a.jpg
162.02056694030762,63.10385574232339,0,255,149.22159957885742,64.37959526649561,2,255,1.2757395241722236,-12.798967361450195,15f023463d88b8f8bc852a9a7b72e6e3.jpg
122.0771484375,73.42032166546942,0,247,120.35229015350342,70.9894485152502,1,251,-2.430873150219213,-1.724858283996582,d1713f5cf5838c1592e5f712b5d4928e.jpg
142.1495542526245,78.68874877503366,0,255,133.36780643463135,79.30641546568948,1,255,0.6176666906558239,-8.781747817993164,a5beb1c44c49e97f1f46e5071c5c38e8.jpg
107.800368309021,71.11987592141479,0,255,111.83164882659912,77.7957006015198,2,255,6.675824680105009,4.031280517578125,35666a43bb8105a07d1020d9a4839f2f.jpg
102.92809009552002,57.71465029427608,8,255,113.92882061004639,62.01115309768987,2,255,4.296502803413787,11.000730514526367,f52c1bf308db55a73521eb1a048b1c92.jpg
124.77775287628174,63.78105002703984,0,255,131.79607963562012,64.0752144791281,0,255,0.2941644520882676,7.018326759338379,517f3939a9628db4475c2c0ae39b2d1b.jpg
126.50159740447998,64.37316881056266,0,255,128.56537437438965,62.76197021864512,0,255,-1.6111985919175424,2.063776969909668,b311e9ad56a71aadfcd8be7009111352.jpg
146.4555082321167,55.41613910484159,0,255,146.436993598938,56.01991143935054,0,255,0.6037723345089461,-0.018514633178710938,ef85cda3a115da5e7399342ac986d489.jpg
158.1130599975586,68.89218538998927,0,255,149.54354095458984,71.70449897674443,0,255,2.8123135867551667,-8.56951904296875,4113bf958daeb1b468c147801007dfc3.jpg
156.4543218612671,53.82637665679901,0,253,145.43762111663818,57.04782900160333,0,254,3.2214523448043195,-11.016700744628906,b8e5248b4e87c2775642f2b5c7bdbade.jpg
89.8523006439209,50.32190557868669,0,255,107.59399700164795,61.36268445058155,1,255,11.040778871894858,17.74169635772705,fa109c087e46fe1ea27e48ce6d154d2f.jpg
116.65864753723145,71.90468287244504,0,248,118.65965461730957,71.80526111409293,0,252,-0.09942175835210776,2.001007080078125,ac3e0af6a22d73ed96f05d43037a1e7a.jpg
152.7796287536621,76.76064161834272,0,255,146.76612663269043,76.60669741259807,1,255,-0.15394420574465073,-6.01350212097168,db56d92cb8648d1bd80eff002eefdbf7.jpg
170.7678680419922,63.381659699376776,0,255,164.68720245361328,66.14486269754995,1,255,2.7632029981731776,-6.080665588378906,d6d95f11e158dafc5fe2955b81192f51.jpg
146.51494121551514,63.194937564774506,0,255,142.0421485900879,67.88985940271718,2,255,4.6949218379426725,-4.472792625427246,1125f1da5766f0392d45630133c7bed6.jpg
107.37271118164062,59.05708634129668,0,255,117.48186302185059,63.326310462441334,0,255,4.269224121144653,10.109151840209961,bdde108a7d024a734cdbed2952f64fe1.jpg
147.96838855743408,60.12458238972552,0,255,141.37602996826172,62.67406759285685,0,255,2.549485203131333,-6.592358589172363,cefc99738c5307f12d9104f31ff2c1c4.jpg
115.2710189819336,63.99132782132712,0,232,121.3106336593628,64.04833104546677,1,253,0.05700322413964898,6.039614677429199,269fc38670939729787d740e47145028.jpg
157.33628273010254,73.02565884458657,0,255,152.3318452835083,73.67009965462361,0,255,0.6444408100370396,-5.004437446594238,88bf02cc510da5050a869c290d8f8565.jpg
152.07972812652588,64.23196983167082,0,255,144.26312160491943,66.83946864872752,2,255,2.607498817056694,-7.816606521606445,93a37385c5f53a0c3a1357f996f22555.jpg
111.39180564880371,71.91074066099277,0,255,111.094895362854,71.0415276951572,1,255,-0.8692129658355725,-0.29691028594970703,40e919b188ff9c41cf2e3f9c37a4b808.jpg
166.7503900527954,44.143829686760924,0,235,156.19039154052734,52.530619676908735,1,247,8.386789990147811,-10.559998512268066,f5824499552ae516c70308416344eb91.jpg
116.62440013885498,66.12874120266052,0,234,121.17248821258545,65.57232811687254,1,253,-0.5564130857879803,4.548088073730469,044c53b3fd48fc029318fbcee70ae0d1.jpg
159.92808532714844,78.09351808962083,0,255,151.01465702056885,76.80961731194606,0,255,-1.2839007776747735,-8.91342830657959,a75ffc1c7b9a233ab869e52d79cefefb.jpg
127.42865657806396,81.45078951339961,0,255,121.14907932281494,80.16496809915985,0,255,-1.2858214142397628,-6.279577255249023,cde438e260e3b75a814cd3519a2c28b5.jpg
140.46461868286133,63.23137951114427,0,239,137.96871662139893,64.79184836645453,0,254,1.560468855310262,-2.4959020614624023,7db70125d7739e6cd0c442e7b7592d4c.jpg
122.20244026184082,72.85222705165036,0,255,119.95965099334717,75.52501482512854,2,255,2.672787773478177,-2.2427892684936523,170709246c0ac68fa305fb3acc2cfb77.jpg
116.96411418914795,66.66548896534138,0,255,119.86614322662354,70.12143101847424,1,255,3.4559420531328584,2.902029037475586,8862ef75274d0c13bba19d7b5f2147c6.jpg
148.3004035949707,80.30934769834218,0,255,141.99002933502197,80.54542204681643,0,255,0.23607434847424713,-6.3103742599487305,bbac60d6c7695f5eeccb56cb56336f6d.jpg
136.48523807525635,82.32646903839522,0,255,129.79113101959229,81.08624390166997,1,255,-1.2402251367252433,-6.6941070556640625,58ac0fe8d8c2cf736216f42a31e89e85.jpg
125.7631425857544,63.563141573943795,0,255,125.70859432220459,66.54327698696268,1,255,2.9801354130188855,-0.05454826354980469,cdfac35a0800774db5fe8a6354df64ef.jpg
134.9119873046875,61.936698357810386,0,255,131.61659145355225,66.48879836046588,1,255,4.552100002655493,-3.295395851135254,4f3f5460ae80ab6ec1bf00b33087a828.jpg
162.5199031829834,49.62199422175216,3,255,151.25652980804443,56.29456449995313,0,255,6.672570278200972,-11.263373374938965,2534b21e1fcdf7748a07109999952840.jpg
122.95429515838623,60.98084305763401,0,255,129.32650184631348,64.85185319885609,0,255,3.8710101412220794,6.372206687927246,d60002856387ce505f27d4a6dd8d2bec.jpg
135.5067262649536,59.621198765403875,0,255,138.56570434570312,64.03232475807397,0,255,4.411125992670094,3.0589780807495117,b8d0602c3d243b1f833bc0e5885a0b0c.jpg
99.7469367980957,63.80092146038374,0,255,113.99579906463623,67.02034388383433,1,255,3.219422423450588,14.248862266540527,b0f891aceeaa1e6fe1de0fd072389686.jpg
123.24956607818604,66.03864396994678,0,238,126.83427238464355,66.25795113829743,0,251,0.21930716835065311,3.5847063064575195,402e634d189693e887ccd6e488a4b29d.jpg
100.51158905029297,59.87865697384298,0,225,115.20060443878174,64.48758057529494,0,254,4.608923601451963,14.68901538848877,7ed01df33497667609ef5a2585b5e36d.jpg
129.19556617736816,67.39398015208617,0,255,129.24670886993408,72.11060896518275,2,255,4.716628813096577,0.05114269256591797,17791317b59d89c03ce7a15826e1b876.jpg
148.53735160827637,68.79941904387503,0,255,140.72920036315918,68.50643486483101,1,255,-0.2929841790440264,-7.8081512451171875,4d314293037f079e4916231d262212d3.jpg
129.62224674224854,56.035825644036834,0,237,129.46910667419434,61.97842021860183,0,253,5.942594574565,-0.15314006805419922,492c436c00725c4c909ec6fbc9223b92.jpg
151.1333475112915,52.98212125622971,0,242,142.4220724105835,60.648250300357375,1,253,7.666129044127665,-8.711275100708008,610d69d7787f995a196a5d8ea8ed1be5.jpg
113.27674293518066,64.64299435900648,0,255,119.33742046356201,72.02250000560622,1,255,7.379505646599739,6.060677528381348,146584f4913fd351785bf9159fd17617.jpg
112.29666423797607,57.710373830284915,0,255,123.95337009429932,56.5238793053287,1,255,-1.1864945249562169,11.656705856323242,da4cfaa6343960e89066e60b678bbbd7.jpg
166.72410488128662,54.47413328837038,0,255,154.9901647567749,59.69912448005545,2,255,5.224991191685071,-11.733940124511719,e583b6c45b5622f1e714f57521a22a30.jpg
118.71353816986084,65.8054292106823,0,255,124.63894939422607,68.20402882618157,1,255,2.398599615499265,5.925411224365234,d846ef7992c9efb128ba7e3c25fa6a64.jpg
156.62858295440674,65.00247223839385,0,239,146.90380668640137,65.13760354596386,0,250,0.13513130757000624,-9.724776268005371,da80aff78196208d9395ced4a9f0d485.jpg
145.80081844329834,62.99609920397465,0,241,140.8585443496704,64.61831678669236,0,251,1.6222175827177097,-4.94227409362793,9134e1c89231ce785443c0e4eac783a7.jpg
140.40247535705566,79.55454933574813,0,255,138.15737342834473,78.75749211201263,1,255,-0.7970572237355071,-2.2451019287109375,8820320f9f26502110190b10d5321949.jpg
112.75181198120117,59.75048138857274,0,255,123.8921594619751,63.93246729891879,0,255,4.18198591034605,11.140347480773926,b192b0ddffed39cf6894a6beab870f9e.jpg
101.41404151916504,65.4780746062753,0,238,108.47321796417236,68.7026561498451,1,253,3.2245815435697978,7.059176445007324,f58ecf974a05d2f5ece85aa9393cf9d6.jpg
118.86039733886719,59.68964324142245,0,255,129.1945276260376,62.79555819589167,1,255,3.1059149544692204,10.33413028717041,fc50039c45fdb6c9224bfff5ba4e64b3.jpg
155.36633777618408,74.62554165035594,0,255,147.48374271392822,73.77025035835602,1,255,-0.8552912919999187,-7.882595062255859,19da7247b897983617e17c69636620ad.jpg
142.70475006103516,64.47784728708112,0,255,139.56980323791504,68.11560387739874,1,255,3.637756590317622,-3.134946823120117,616f7784ae537b00b14617a57b53de73.jpg
148.78862380981445,71.57322838826649,0,255,142.02688217163086,74.34655715527033,1,255,2.7733287670038465,-6.761741638183594,3024b7dc8e38999c16ab20ed51c7aa2e.jpg
82.39598369598389,40.63877622214075,2,255,103.93674278259277,47.58092317566662,1,255,6.942146953525871,21.540759086608887,76daa0fd9fc0346e09cbcc7ac90c9fb1.jpg
140.40482902526855,59.296369704818375,0,255,139.21778678894043,60.54687661370772,1,255,1.2505069088893421,-1.187042236328125,3c58145fc5651bd028aaee3d5f3d6c40.jpg
152.5623197555542,60.17203374184229,0,255,146.34926223754883,63.61073166009239,1,255,3.4386979182500994,-6.213057518005371,66d28ab317b915eb7a400ad4a005ebc0.jpg
113.4348258972168,63.19721490603659,0,255,123.69743633270264,67.18199530721108,0,255,3.98478040117449,10.26261043548584,0c31081e8ada2990bcbef0f12ea60b07.jpg
145.46325969696045,59.00625579271365,0,255,140.58052730560303,62.43658776789973,0,255,3.4303319751860784,-4.882732391357422,02fe3eea41166a1d3eb75307a12c4a63.jpg
142.6090431213379,82.56025935335538,0,255,137.2194471359253,81.48525910189426,0,255,-1.0750002514611197,-5.389595985412598,d625684a437d0b9f622fec5329c6d7af.jpg
87.76565742492676,44.11282671260069,1,200,106.94767093658447,52.856633792352625,1,238,8.743807079751932,19.182013511657715,7f777981e2a46b0d4f770de8def6cb78.jpg
130.06886959075928,72.29336800913366,0,233,129.06646347045898,72.44252781392176,1,251,0.14915980478809843,-1.002406120300293,0e8d3736396b615c0798033f37e4a481.jpg
125.89546012878418,71.40287123383567,0,250,125.95172595977783,69.89986093024545,1,251,-1.5030103035902158,0.056265830993652344,fd079817727211a09fd6b0415463f23d.jpg
129.38158321380615,70.04069420844974,0,255,129.3543300628662,74.65596893819574,2,255,4.615274729746005,-0.027253150939941406,071ff9c782ead87dfa9b1c025c25e769.jpg
140.78522205352783,58.537903762554585,0,227,138.0744504928589,62.41900917606274,1,250,3.881105413508152,-2.7107715606689453,f0c719e77a94983d22ad4a1e96e37f34.jpg
163.2314281463623,57.952215614551825,0,255,150.09954929351807,61.4546772376245,0,255,3.5024616230726764,-13.131878852844238,c8a56cc3c310b1619ec6559afab11089.jpg
125.00235176086426,57.5031985861125,0,255,127.39883041381836,63.51773368479267,1,255,6.01453509868017,2.3964786529541016,3cac0eba7aff674db58e5e7d5cebe985.jpg
175.70261764526367,52.990759510550276,0,237,163.35269832611084,55.50592148804947,0,250,2.51516197749919,-12.349919319152832,4ea43f30fdd925340ad598bb10028c97.jpg
134.46295642852783,48.700857689103465,0,255,139.597638130188,51.35037188474791,0,255,2.649514195644443,5.134681701660156,7d746268923b15615c93334eff3a6baf.jpg
141.05916786193848,56.87325046998725,0,255,144.65084266662598,57.88162608118035,0,255,1.0083756111931024,3.5916748046875,ea99ac7087780248ca58449abd57f377.jpg
133.39662837982178,39.60768535240991,0,255,138.11330699920654,46.06856509235741,1,255,6.460879739947501,4.716678619384766,088d83359d1a00ba24251220ace42edc.jpg
158.5411434173584,70.53251865847038,0,255,152.65322303771973,72.54542715400427,1,255,2.0129084955338925,-5.887920379638672,4bd2c3d9e7b1e62d3b55d858b5dca1a0.jpg
112.58886909484863,69.48202045137059,0,255,114.82787799835205,73.65835137073587,1,255,4.1763309193652844,2.239008903503418,3ee8d416f1b67797ce0495b4393b2aaf.jpg
133.42026901245117,79.65438815557631,0,255,127.50897407531738,79.56240519619976,0,255,-0.09198295937655132,-5.911294937133789,8fb5356727d6147b99fea57e012b0b64.jpg
149.56968879699707,81.69456406769649,0,255,142.45459270477295,80.11824545172809,0,255,-1.576318615968404,-7.115096092224121,01b0510a8d3b0860429536653db5eb21.jpg
162.68410682678223,48.91339833411308,0,240,153.36678886413574,55.691343924513745,1,251,6.7779455904006625,-9.317317962646484,7324c001e2512d3ea9197b0151c6c1b0.jpg
177.3852128982544,49.97818487990686,0,255,162.66672229766846,55.97404223599519,1,255,5.9958573560883295,-14.718490600585938,84fe5801e7bcf024bb26b7c9285e43bc.jpg
158.21088314056396,66.58579585821109,0,255,145.51858043670654,69.21632575961165,1,255,2.630529901400564,-12.692302703857422,65bf4d6bc6fcf6a912ef3ec74bf9e35c.jpg
160.90754508972168,54.13260915068682,0,247,150.47305393218994,57.34049831921994,1,253,3.2078891685331214,-10.434491157531738,f62a549cbf9dedb3a5990a691bd7c27a.jpg
143.78743362426758,77.11283628140518,0,255,136.74866485595703,77.1903135466801,0,255,0.07747726527492205,-7.038768768310547,54f9194379210945be0ed72fac357456.jpg
139.37765216827393,64.93227405740632,0,234,137.1744327545166,67.33648793446292,0,251,2.4042138770566055,-2.203219413757324,4010817f919544f7c1c7eef1858ce071.jpg
120.06209564208984,56.66061806042202,0,255,129.42461776733398,60.22193010649875,1,255,3.5613120460767362,9.36252212524414,84c87b7beb63b5b3ac76ed9da17c7033.jpg
135.73535346984863,71.09842737968674,0,255,137.61719799041748,70.16751017391637,1,255,-0.9309172057703705,1.8818445205688477,8d002d924e667aded2857442587afe81.jpg
123.6490364074707,53.8585559964095,0,255,132.7094783782959,54.282114071346165,1,255,0.42355807493666475,9.060441970825195,6e469682b53c4c558e23632c4c7e4fe5.jpg
131.4224271774292,68.41790831174563,0,255,127.74079036712646,71.28260233707203,1,255,2.8646940253264006,-3.6816368103027344,231f7662ddb1e997de7ae4e11840960f.jpg
150.84730339050293,77.93319380142084,0,255,144.5627212524414,78.48143376817704,0,255,0.5482399667561992,-6.284582138061523,fa4c38b3c5e53e1e84bd0923f2d8e480.jpg
131.67681884765625,52.296969847590276,0,255,136.44994640350342,59.61624454646463,0,255,7.319274698874352,4.773127555847168,bbcafeecae64804e1e0780b49bafd5bd.jpg
134.5313310623169,57.10046282679731,0,255,131.33200645446777,62.49971669907251,1,255,5.399253872275196,-3.199324607849121,4b9ee23b2f17c3621158a9bef81cf86b.jpg
134.6535358428955,61.06577046010756,0,240,128.527681350708,64.93382241403839,2,252,3.8680519539308307,-6.1258544921875,adec73c9152d88ac38c830602cd8b1ad.jpg
142.58312606811523,52.28182341356947,0,255,136.09014320373535,60.92779638632801,1,255,8.645972972758543,-6.492982864379883,ef8c3f4f4d6b6d278abdbc8077051629.jpg
120.8548173904419,57.16060788355788,0,255,130.3160524368286,54.41848602951321,1,255,-2.742121854044669,9.461235046386719,ddb599239817420d3cc38fd0eb881c8a.jpg
173.9677095413208,55.44534808457135,0,255,162.4723138809204,62.492890268253845,1,255,7.047542183682495,-11.49539566040039,b76de23d23b7418566348c413efa1a3f.jpg
133.85879707336426,49.79319083772386,0,255,140.3263635635376,54.119383168906054,0,255,4.326192331182192,6.46756649017334,ff60d1425ffd67d12aa61e3eb3b45040.jpg
149.908540725708,60.294973523817774,0,246,142.33982181549072,64.40498939870264,1,252,4.110015874884866,-7.568718910217285,fa9cd1a78a6d2d8d6e918a8c4125faf4.jpg
143.00335216522217,66.45637897974481,0,255,137.09693813323975,68.52942181216245,1,255,2.0730428324176415,-5.906414031982422,322976528934fc60a595afd9a1bc656d.jpg
126.5869026184082,55.70214542494515,0,255,130.1326150894165,61.02046834163552,1,255,5.31832291669037,3.545712471008301,b0f6a0c19f3b18beda2c9197d1c4440b.jpg
113.80048561096191,58.5279108156525,0,243,126.19307708740234,60.322388737716686,0,251,1.794477922064189,12.39259147644043,fec797e0e4b2eff050372800790c01e8.jpg
145.49098587036133,70.49201468836854,0,255,139.22003936767578,69.89174502473674,1,255,-0.6002696636318063,-6.270946502685547,9df340dc63bb0f9c185f2d019cd533a8.jpg
120.09372329711914,67.12900516523273,0,255,127.87662410736084,71.89775335640547,2,255,4.768748191172747,7.782900810241699,5164a68ca025b37b2ee9525b66c01071.jpg
107.85219669342041,53.691843108076476,3,227,119.76375198364258,55.165067402983254,1,245,1.4732242949067782,11.911555290222168,5dfb216441a8b99cf5e617ba76cf164a.jpg
112.69482231140137,67.78735165481676,0,255,119.01734066009521,70.5497255727862,1,255,2.762373917969441,6.322518348693848,92a7ca7a9adaf9d057f28fecec78e449.jpg
90.8183183670044,42.00124667652956,8,202,108.16366767883301,51.166696381868455,2,242,9.165449705338894,17.345349311828613,879caa633ff0c3c5a9f2c483e757b991.jpg
132.1126766204834,55.95235800097121,0,252,136.61231327056885,60.48997806249776,2,254,4.537620061526553,4.499636650085449,b7cde19a331d3ba71fcb8efc361af419.jpg
156.14217472076416,63.370330333412056,0,255,146.85857772827148,67.3949958005363,1,255,4.024665467124237,-9.283596992492676,d6569366db7f18f343963d9119307f89.jpg
151.93057537078857,64.80030585245711,0,255,143.14527797698975,66.35798526135493,1,255,1.5576794088978119,-8.785297393798828,d647ae4618fc943d965b25c3aab3fb4c.jpg
150.60287761688232,60.874495173850576,0,247,145.80676937103271,62.85712366201266,1,252,1.982628488162085,-4.796108245849609,3b887c0550e9722c9b86b7c22ad09e11.jpg
133.37528133392334,63.758340923208614,0,255,133.31376552581787,69.99760472385942,2,255,6.239263800650811,-0.06151580810546875,ddcd8866dd04a1b1e87bbcf3ab9c6760.jpg
154.6844301223755,57.302402977571234,0,255,145.66367530822754,60.485206474606755,1,255,3.182803497035522,-9.02075481414795,10e8248185760938d4cae1f0462af88a.jpg
153.36233234405518,61.69968627857289,0,255,150.74012660980225,65.66432285041317,2,255,3.9646365718402805,-2.6222057342529297,0162dad8330007f8f0daf43bcf4033f1.jpg
91.92535018920898,40.90991074155582,2,202,111.05931663513184,46.98454550662551,2,231,6.074634765069689,19.13396644592285,80f636996b540968f24c909d3c1da685.jpg
141.69654655456543,60.94379307992614,0,255,141.26821422576904,63.913102027468184,0,255,2.9693089475420464,-0.4283323287963867,c6a67dc0d36b5e231b4a1789d00be3d9.jpg
165.36049461364746,71.79766916243402,0,255,159.75294876098633,71.0406971794954,0,255,-0.756971982938623,-5.607545852661133,61d584d7b486245f3e861371fcf7da9b.jpg
139.09941005706787,79.61928003983546,0,255,135.66696071624756,78.33000523293626,1,255,-1.2892748068992006,-3.4324493408203125,92113f2b921dcc352679d94851f4051f.jpg
135.89267349243164,67.05520702197569,0,255,133.50221252441406,67.12645846913146,1,255,0.07125144715577392,-2.390460968017578,872fcda56bcda425012eef3cbf6ebf95.jpg
149.563814163208,53.63647611960596,0,255,143.2631378173828,57.86020859456748,0,255,4.223732474961523,-6.300676345825195,7d3e79d32d233140b7e30880739a42c4.jpg
150.21423244476318,81.7124826396992,0,255,143.18988418579102,80.42073033981147,2,255,-1.291752299887733,-7.024348258972168,6bb7769006f10cb8681b95246a90902c.jpg
150.4302225112915,77.32941694271014,0,255,144.2314796447754,78.4160876365984,0,255,1.0866706938882658,-6.198742866516113,dbca1fb4fbbfbd6032a9764f3e922ad3.jpg
166.2582654953003,54.50145785860498,0,255,157.79942512512207,59.350845045305626,1,255,4.849387186700646,-8.458840370178223,a9029c62f52fcd875b4e40d85b0d3b2a.jpg
140.09819316864014,76.48000901468062,0,255,132.70793914794922,77.99374121808383,0,255,1.5137322034032081,-7.390254020690918,8acab997bea043eb15c9aa293b095374.jpg
163.34544467926025,54.163875567305894,0,255,156.06027126312256,55.578170162191725,2,255,1.4142945948858312,-7.285173416137695,55a6f35d1fc71adbb833ae726a42e46e.jpg
131.24890804290771,65.48905569654288,0,255,128.87818717956543,70.31724386427841,2,255,4.828188167735533,-2.370720863342285,b0ffdd76d9b722fc8720913b34d36d03.jpg
153.29797649383545,50.96189146547796,0,255,146.60519409179688,56.4043233076053,2,255,5.442431842127341,-6.692782402038574,d0ea942db524a895c4bc433e03c3cd3a.jpg
129.16100120544434,54.492272743115755,0,255,134.66248416900635,60.37998021307364,1,255,5.887707469957881,5.501482963562012,af201da8a5f8354c4c3291995d5cbafd.jpg
138.348557472229,62.27813000156613,0,248,135.37220096588135,63.36268190559728,0,253,1.0845519040311444,-2.9763565063476562,bc2be005526db7ab9d5ec6741ddee945.jpg
160.99816703796387,70.56861952592864,0,255,153.37220859527588,74.27211231895363,1,255,3.703492793024992,-7.625958442687988,b3f160c75b16300c0f4a89ce8814d1bc.jpg
137.9815788269043,85.24846829118762,0,255,134.2939157485962,82.01615343219036,1,255,-3.232314858997256,-3.6876630783081055,e1a4dd4c30b1757eafb095021def4d63.jpg
116.42953777313232,67.0893652319461,0,241,119.6292371749878,69.62480714469395,0,250,2.5354419127478423,3.1996994018554688,9d41ae882fa21638f67228ff85cb05ab.jpg
153.4792070388794,84.25432467270889,0,253,142.90766429901123,81.91224599540176,1,255,-2.3420786773071285,-10.571542739868164,1bf31ecce06f5cab7b82b36daea676b6.jpg
168.16341018676758,74.71707296936887,0,252,158.58753299713135,74.32338296613776,0,253,-0.39369000323111436,-9.57587718963623,33db2b371f7527ae2cd349abe5a7c062.jpg
147.53046226501465,73.36752920102232,0,255,138.49856758117676,74.4243799355375,1,255,1.05685073451518,-9.03189468383789,4308b795084095f21117491e3b07f2a7.jpg
153.57361793518066,72.64403168445297,0,255,145.7527494430542,73.98450835282355,0,255,1.3404766683705844,-7.820868492126465,9bb8bb42168a8ce95a57d818bc23b112.jpg
163.29733180999756,54.76789565555596,0,245,152.18047904968262,59.15247552631347,0,252,4.384579870757506,-11.116852760314941,8072c8f70ffb83e6a82b01aafb25263d.jpg
118.66501426696777,42.65556773754626,0,255,130.38677978515625,47.3230428148507,0,255,4.667475077304445,11.721765518188477,2fd3d0e3b5de5535994ac58f2bd175da.jpg
137.61056900024414,44.6388010074192,0,255,138.3164758682251,56.86546271541163,1,255,12.226661707992434,0.705906867980957,6cf0ea4eb8810156bfb48f5a7dbeffd3.jpg
158.7998399734497,51.564424058683606,0,255,153.63810443878174,57.64166596911369,0,255,6.077241910430082,-5.161735534667969,9304a2da1a0b23b779266d91a9719415.jpg
107.7799882888794,72.94158516498304,0,255,110.60903835296631,76.6572057994869,2,255,3.715620634503864,2.829050064086914,407530901f066b6b5b5d486495617fc8.jpg
148.9294033050537,48.05424315495362,0,255,144.79865264892578,55.210603985836904,0,255,7.156360830883287,-4.13075065612793,834f395ef75cdefe26c9d2cb3cf809b4.jpg
86.88577461242676,46.35773863203916,2,227,106.22255420684814,56.01025804705673,1,247,9.652519415017572,19.336779594421387,ecadf9a1eca2152b13f18d3a0b8bfba4.jpg
168.09456062316895,40.32226971591881,0,242,155.8797721862793,49.24088542966414,2,252,8.918615713745332,-12.214788436889648,aa3535cb70d8142fdbdac165de546a8c.jpg
143.85233783721924,65.77763674802988,0,255,140.63780403137207,67.90686717127691,1,255,2.129230423247037,-3.214533805847168,9d740f84910f8b7f0bfb870f8f4ad8b1.jpg
160.70254707336426,72.94433123633277,0,255,153.7731647491455,72.62600033889058,1,255,-0.3183308974421948,-6.92938232421875,9316b2ca577b760f2611b9d99bff7053.jpg
150.00161838531494,57.75529057972327,0,255,143.5177459716797,61.69268161599443,1,255,3.9373910362711584,-6.483872413635254,e04fc8c293aab8b63db7576e123a7d84.jpg
154.0336036682129,75.01994462858812,0,255,147.39905738830566,75.26568237092381,1,255,0.24573774233569168,-6.634546279907227,735023a2b17a5222636abc2784772804.jpg
127.40508842468262,56.913700880926044,0,255,130.71597003936768,60.83599160790381,1,255,3.9222907269777636,3.3108816146850586,3b464abb85ca7ca83a105e6057afab52.jpg
137.30713748931885,66.59571304343393,0,239,134.0170545578003,67.93496818712255,0,254,1.339255143688618,-3.2900829315185547,236c84dba2293e1afd669eee1b6511c6.jpg
148.74262237548828,72.8754770052411,0,255,142.6673059463501,73.7707869961435,1,255,0.8953099909024047,-6.075316429138184,508083b00dfef2ea10fe2aebee580990.jpg
99.28845024108887,52.598955888531066,5,255,112.07478523254395,59.75715206142162,2,255,7.158196172890555,12.786334991455078,7d48ee923365d79f033147cd5f4aafc1.jpg
156.80020999908447,76.5378499485107,0,255,152.74877738952637,75.40462938556847,0,255,-1.1332205629422276,-4.0514326095581055,bb3d26414a85af5edf485b330607860d.jpg
126.59889316558838,53.076132929955364,0,255,133.77537536621094,60.77665987947041,0,255,7.700526949515044,7.176482200622559,d653c05dad30d8c04fa23fdac2572ab6.jpg
98.77685546875,59.14413126298857,0,254,112.30873966217041,61.434717579451146,1,255,2.290586316462573,13.53188419342041,e7af557ff6a1782400710d2c8ddb2568.jpg
152.86315441131592,79.26180395201187,0,255,147.434983253479,79.54043010188764,0,255,0.2786261498757625,-5.428171157836914,bf9bba0703ec2a74740fbb891b9f6322.jpg
100.99981307983398,46.79140741788835,2,225,116.55412578582764,54.78910981106832,1,245,7.997702393179971,15.554312705993652,eedb247767ce38e4dd2498c5dd56dc11.jpg
140.47323608398438,71.12211924115849,0,244,134.68435764312744,71.17674039603406,1,252,0.054621154875576394,-5.788878440856934,e7ee695015acda8604f34f0da3849efb.jpg
131.24098014831543,40.65865091528614,0,255,137.65995121002197,46.6519108325028,1,255,5.993259917216662,6.418971061706543,1625249b80df13df89d06b2c30877a1e.jpg
147.0172643661499,62.8888261769567,0,255,142.41225719451904,68.12782842537823,2,255,5.239002248421528,-4.605007171630859,ea00fab3726550241cd51c2750892d36.jpg
116.39883422851562,60.32931858303713,0,255,123.05225372314453,63.96246213745226,0,255,3.6331435544151347,6.653419494628906,654957991bdf2ede340cc5335285be5f.jpg
168.25134468078613,54.11358232395217,0,255,155.3823528289795,57.719704668608024,1,255,3.6061223446558515,-12.86899185180664,e1e596163010acb347ac7fa1a48d8d9c.jpg
148.79053401947021,71.31923337959347,0,255,142.2865514755249,74.57227417156214,1,255,3.2530407919686724,-6.5039825439453125,43cbc92d48a9318036e947277c3981fd.jpg
154.31487369537354,60.939438128568796,0,247,146.42173862457275,63.933141577624134,2,252,2.9937034490553387,-7.893135070800781,703e3e8b33821c0b0553c5d534a5419f.jpg
149.8194637298584,67.29086253045557,0,255,142.2053985595703,66.37226241391147,0,255,-0.9186001165440985,-7.614065170288086,af793b61efb4ac8fba4bc62475506e23.jpg
134.40147972106934,67.26806660483089,0,243,129.98055458068848,68.6886658470333,1,253,1.4205992422024138,-4.420925140380859,b0262bc4aa5a47704a3c3d1cbc150bd4.jpg
105.80009269714355,53.754908651003284,0,255,120.71459293365479,60.033928456973086,1,255,6.279019805969803,14.91450023651123,a95d641ac8ee1a9f186cd0b8c0dca7ef.jpg
167.34374904632568,56.922973066718356,0,249,155.9556531906128,57.04568006949036,2,252,0.12270700277200319,-11.38809585571289,f244d8f6b541d370470f56b8f6ebcb3b.jpg
121.08644199371338,72.50274362181379,0,255,120.19101238250732,68.36575247133834,0,255,-4.136991150475453,-0.8954296112060547,05d676834dbed1639cb5eea70c1e307b.jpg
145.5773687362671,59.02795242062634,0,255,139.80944156646729,65.65361721831077,2,255,6.625664797684429,-5.767927169799805,b775ef55984de7ff2b12941010f9d968.jpg
155.07796669006348,75.9048244168832,0,255,148.25812816619873,76.5965122593191,0,255,0.691687842435897,-6.819838523864746,4c343392ba20dd751dab3f9178bf01af.jpg
139.9406976699829,78.82605133446356,0,255,133.66592693328857,78.72849655157975,0,255,-0.09755478288380459,-6.274770736694336,82877be2465c084b0b9bc186fc7f158f.jpg
125.92906188964844,65.06897045534254,0,238,131.29726123809814,66.83773802623257,1,252,1.7687675708900343,5.368199348449707,5d6c0df203f0e3f04467e27507029026.jpg
109.52777671813965,69.77727250851362,0,250,112.10840511322021,69.37925928792595,0,254,-0.3980132205876714,2.5806283950805664,c7afdce95181c731e79f72d4ad6d4447.jpg
141.1537160873413,69.15540824877681,0,255,132.73442554473877,65.55810479161276,1,255,-3.5973034571640454,-8.419290542602539,f9192d70b8ae33af5fa02c6764e7457c.jpg
107.12989044189453,52.14882840627911,4,220,118.49089241027832,57.67452924081148,1,243,5.525700834532373,11.361001968383789,d926d49104e258332d45e8afb02dd575.jpg
124.57663059234619,66.48161548308558,0,255,124.94715595245361,73.00044503049202,1,255,6.51882954740644,0.3705253601074219,aefca6fbdab82ce59b2c7cceed75d062.jpg
165.99606037139893,62.39350774569827,0,255,152.37661266326904,64.43397171930339,1,255,2.040463973605114,-13.619447708129883,b995057fed5cd441821c8a954697ea57.jpg
165.80983638763428,74.8187665246735,0,255,158.63535118103027,73.30111665895356,1,255,-1.517649865719946,-7.174485206604004,65c9045820f5c8bb44b60cbbf5402d29.jpg
122.39375877380371,60.51771570176883,0,255,127.96070671081543,66.68180295881666,1,255,6.164087257047832,5.566947937011719,a9b3444f50e7ab612641a6fe1e4f8cb9.jpg
158.37421321868896,55.40992673066768,0,255,150.52163410186768,61.21352712156564,1,255,5.803600390897962,-7.852579116821289,f51434ef988e30a05f8b0986814d9485.jpg
151.23733806610107,43.87224917347009,0,255,147.4621067047119,49.54224699040388,1,255,5.669997816933794,-3.77523136138916,c8205cbdfff77ee90770156c3075a38f.jpg
107.64590549468994,71.87759753952476,0,251,113.68099594116211,71.5397029306382,0,254,-0.33789460888655753,6.035090446472168,510de55463812cc7e80f16d523892408.jpg
175.05920124053955,67.92704445408776,0,255,167.23360633850098,67.52121879496386,1,255,-0.4058256591239058,-7.825594902038574,151a8ce59aa6e414ee8a9c9d711cee61.jpg
108.84065341949463,53.62131096533439,0,255,120.1835527420044,60.11892344951983,0,255,6.497612484185446,11.342899322509766,27b822c5d3b354f096dfb788fd3fa636.jpg
152.37510871887207,75.67510741539442,0,255,147.6075439453125,75.32093575420245,0,255,-0.35417166119196963,-4.76756477355957,85e95b13040ae3e20eccac186b93e6ac.jpg
96.84461402893066,55.45199629680789,0,255,113.03048992156982,63.748816417154,1,255,8.296820120346112,16.18587589263916,c6e432dd2d937af0c6c404f59e82524b.jpg
148.53645038604736,65.52369748166723,0,255,143.19191932678223,69.65904034995143,2,255,4.135342868284198,-5.344531059265137,f9e722d2706d42998afff41568223a01.jpg
127.19989681243896,47.847713326022365,0,255,132.99507427215576,55.95198810476879,1,255,8.104274778746422,5.795177459716797,f332f8f1673ac8dbf2d755540520a511.jpg
148.13180828094482,67.9410232265271,0,255,147.1132984161377,70.73683007479076,1,255,2.795806848263666,-1.018509864807129,6c79f2551808438721052023e043ab4d.jpg
151.6239595413208,60.88799580818639,0,255,145.76082515716553,64.16656813726469,1,255,3.278572329078301,-5.863134384155273,ad21e3f856bd69daf2ee8b6699bd32cf.jpg
155.80499744415283,67.7178626456249,0,255,147.1443567276001,72.57289016202512,2,255,4.855027516400213,-8.660640716552734,9369d8c9b16544b4f5c2d953f972a87c.jpg
153.68701839447021,77.24814299250603,0,255,150.68242073059082,76.92615351735883,0,255,-0.32198947514720544,-3.0045976638793945,9a10974aa0dabf26fb1b8a7d85cafedc.jpg
119.78837203979492,60.364551454053135,0,255,126.31367683410645,62.386165371029236,0,255,2.0216139169761007,6.525304794311523,3052424d097d8b94d387a20248639d47.jpg
148.0945405960083,55.49155640945502,0,255,142.12451553344727,62.228148188894416,1,255,6.736591779439394,-5.970025062561035,b7e9e8a42a7581a9f40b67f4ed3bab72.jpg
89.10689067840576,37.24020052503604,0,255,109.94095420837402,49.034853414323024,2,255,11.794652889286986,20.83406352996826,1296335140a042ff0270825cdae2fa09.jpg
102.35004043579102,70.6424138147614,0,255,110.49523735046387,74.796744005813,2,255,4.154330191051599,8.145196914672852,b99a097e12daedcc1d269899c813db0c.jpg
129.0276746749878,53.56189014268886,0,254,133.66811847686768,56.273191962684905,2,255,2.711301819996045,4.640443801879883,b37f9bfd1002374e06d03379807967db.jpg
164.82264232635498,66.74308897710671,0,255,155.56954860687256,68.65444921722481,0,255,1.9113602401180998,-9.253093719482422,5714aea8b5a2d9b030196646842a6d47.jpg
118.51455688476562,63.70884707562316,0,237,124.00465869903564,62.76215988096091,1,253,-0.9466871946622533,5.4901018142700195,b89103ceb6d47e45889eb9a21d04542c.jpg
154.251446723938,52.874951178213195,0,255,148.31732177734375,59.4911432456056,1,255,6.616192067392404,-5.934124946594238,22576c31ecae86e2e6d580b4bebb5d77.jpg
98.77699851989746,56.380942009710814,0,240,112.2137975692749,60.080329489232376,1,245,3.6993874795215618,13.436799049377441,aabc4acd6a8f6c27828a11701675a6e7.jpg
118.12259006500244,65.25974248201727,0,255,124.47210597991943,68.33224054187716,0,255,3.072498059859882,6.349515914916992,e0c8a1f0f9ecb4748b67876c19af37ed.jpg
172.1534366607666,67.95050405560738,0,255,164.47232627868652,69.78566886118837,1,255,1.8351648055809875,-7.681110382080078,e531672ae6083e717cbe83d7fc71ddda.jpg
146.57179164886475,81.88705845681021,0,255,141.42534065246582,80.77994343108415,0,255,-1.1071150257260598,-5.146450996398926,4e7fe9cc13468517b324743c8c8b7b40.jpg
167.0814962387085,64.54302361799965,0,255,164.0227451324463,63.26040718740391,0,255,-1.2826164305957448,-3.058751106262207,efc7bc78ce88e95191fdab525f974c24.jpg
140.55554103851318,80.94237150368194,0,255,132.70290851593018,80.59036149645041,1,255,-0.3520100072315273,-7.852632522583008,9a3d018df521eaab6b4eec203a19970b.jpg
148.09622192382812,58.752092523789265,0,255,142.33702182769775,63.374342904420196,0,255,4.6222503806309305,-5.759200096130371,fb2b28e4c2d24f22d4f67804eef69ecf.jpg
143.40191650390625,64.58251532315698,0,255,142.06291007995605,67.54037632860843,1,255,2.9578610054514485,-1.3390064239501953,0d03df2e9ed557d0c9edcec777056c1f.jpg
115.75659656524658,67.6864148974707,0,255,117.64818000793457,68.81108450814773,1,255,1.1246696106770315,1.8915834426879883,024f9140bd829c346fc91fcf4009d251.jpg
150.15304470062256,74.69965618301762,0,255,141.0664176940918,76.07522134592672,1,255,1.3755651629090977,-9.086627006530762,ddff143851d1399b550480a41b4c6fe2.jpg
162.63543128967285,64.55035064066146,0,255,144.8306655883789,67.54299725011764,0,255,2.9926466094561732,-17.804765701293945,703637c0369923222e87e31bb7477b4f.jpg
121.82149314880371,75.40463981976843,0,247,120.48710250854492,70.8311777528641,0,251,-4.573462066904341,-1.334390640258789,d8220f2e082dae72b6db9b8a86637695.jpg
108.89132881164551,71.84258243043854,0,226,114.87235450744629,72.70431251407972,0,252,0.8617300836411772,5.981025695800781,888880bfaaf252cc1f400ff43ee21451.jpg
128.4965534210205,67.84988774452721,0,255,130.96092319488525,70.94862387284306,1,255,3.098736128315849,2.464369773864746,a696b0fbd24620e5f86b377968175fd9.jpg
95.84302616119385,45.11309975883764,4,197,113.50479984283447,52.59734449466488,1,237,7.4842447358272395,17.661773681640625,6e3dce43de58cedd6cca477f98b6c94f.jpg
137.04446029663086,56.177398004868856,0,255,138.01539516448975,58.22140043535973,1,255,2.0440024304908775,0.9709348678588867,f9b6143fdadf3e46bc016548719a4371.jpg
159.68846225738525,70.24791416217109,0,255,152.06408309936523,72.0248014190598,0,255,1.7768872568887133,-7.6243791580200195,0211f9fe31142ba1e25fb6a2ea3fea38.jpg
125.53365707397461,63.99474673894973,0,255,129.78837490081787,69.96722718716813,1,255,5.9724804482184055,4.254717826843262,6c35a010256b29d6db4956f5bffff4a2.jpg
134.65165615081787,46.5581029588409,0,255,141.6811351776123,55.22542344972872,1,255,8.667320490887825,7.029479026794434,3cd8187f824b95bd1d21945cbce7a15a.jpg
137.33681678771973,67.91583144837493,0,255,136.09012031555176,71.5978811284198,1,255,3.6820496800448694,-1.2466964721679688,54d7976f3b2da92eafd691971f78ea2b.jpg
122.05760383605957,61.93958891465421,0,255,127.60254955291748,67.45233114768388,0,255,5.51274223302967,5.54494571685791,f3741f47791eca3ad54e01f9c36188a1.jpg
116.7961483001709,69.04660679757562,0,236,121.0411901473999,72.15103053850176,1,252,3.104423740926137,4.245041847229004,62863bee894cbb15f96074e8da760b40.jpg
145.61468124389648,83.04259208968688,0,254,134.21620845794678,81.11895068829898,0,255,-1.923641401387897,-11.398472785949707,dfd523a5991fc852654bf1235c6282c6.jpg
146.59782123565674,60.468722953552984,0,255,142.79198265075684,66.27446186418297,1,255,5.805738910629984,-3.8058385848999023,a8712873fe9accd992e9b306cf2d1f25.jpg
137.95955848693848,87.68804014118258,0,255,132.45065021514893,85.81196997658286,1,255,-1.8760701645997244,-5.508908271789551,48c44319fb3ad32555821ee0c74e6719.jpg
84.67552375793457,39.173505664414485,9,255,105.8658857345581,48.12011674797226,2,255,8.946611083557777,21.190361976623535,54e6184c63c75a9695d7effc17969ad0.jpg
116.0542688369751,68.25733769158093,0,255,121.24391269683838,72.62258759820217,1,255,4.365249906621244,5.189643859863281,1fec989e95cea875cef982129f8e9097.jpg
133.69719696044922,84.50660641594874,0,255,127.40787315368652,84.03497795533207,0,255,-0.47162846061667096,-6.289323806762695,39c0cec7df2082421f852bc79cb333a1.jpg
154.34229373931885,50.60205768228107,0,255,148.89659595489502,57.2488011664394,1,255,6.646743484158328,-5.445697784423828,528b0f9791c96c9cb1b2e4f510223f8e.jpg
154.88070392608643,54.4986315225996,0,255,144.1413984298706,60.89389038162944,1,255,6.395258859029838,-10.73930549621582,ecd11f0b7b55d7d0515fb569cbcc39d8.jpg
145.7807207107544,46.77928831151273,0,255,146.89465618133545,52.9352265593009,1,255,6.155938247788171,1.1139354705810547,830d05f396b604388e2d7b68d79a6bbf.jpg
103.29845142364502,40.2810275090222,5,200,120.53381252288818,48.38276364797044,2,245,8.10173613894824,17.235361099243164,3aefb8dc3f0615131c0dc1477b4e3133.jpg
148.0804557800293,49.93412447017124,0,255,139.73816871643066,53.599399477714556,1,255,3.6652750075433147,-8.342287063598633,908cff12e3ce717c4fc6cba8290b89a6.jpg
112.86553955078125,57.886272116672465,0,255,121.54146099090576,57.08691655568058,1,255,-0.7993555609918843,8.675921440124512,9fd7f8bc66d606ffee290028c4d5d1f3.jpg
139.49200344085693,63.12392967713318,0,255,137.4582347869873,64.0537187684485,1,255,0.9297890913153282,-2.033768653869629,8f2dd210a995d677029f2c3d285ff80e.jpg
130.33925914764404,44.144973570820646,0,255,140.6575288772583,49.92956334017034,1,255,5.784589769349694,10.318269729614258,31901b2d1d2eb92c235f47f498b907c0.jpg
135.30157661437988,46.95867208388757,0,255,141.39951705932617,50.7606619427726,1,255,3.8019898588850296,6.097940444946289,86ea362edec93fb69697ad8e6920d0d7.jpg
121.79296207427979,71.11033048749516,0,255,127.65295314788818,73.67100384851263,1,255,2.5606733610174643,5.859991073608398,f1ed2d380bf23214b0522e753035545c.jpg
115.95981502532959,68.25441489927123,0,255,118.6385726928711,73.50767227166563,1,255,5.253257372394401,2.678757667541504,04031e57794b9e8861e3c65e935f11d2.jpg
102.79190921783447,74.95017437370258,0,255,109.0130786895752,78.22552343029962,2,255,3.2753490565970367,6.221169471740723,63cf713d392ce347a329b20e8bd4782b.jpg
126.84661102294922,58.073425077487315,0,255,131.5204496383667,64.95840753064992,1,255,6.884982453162607,4.6738386154174805,3312ab0661750f9899b4589eae97731a.jpg
141.32698822021484,40.5991839135998,0,254,136.89062881469727,51.818156991909454,1,255,11.218973078309652,-4.436359405517578,d15440be54e5314679b36d0e7c9c0da1.jpg
152.96851253509521,68.91892417122821,0,242,143.10512733459473,68.5100302167263,1,252,-0.4088939545019059,-9.863385200500488,fef3e36fbec340a6ef785936fb8859c6.jpg
149.89309883117676,79.17545911127877,0,255,141.09386348724365,77.95440128785012,0,255,-1.2210578234286515,-8.799235343933105,c7d940c13f1be3feeb46adb7e8206de9.jpg
161.72842693328857,69.82981794704534,0,255,153.71598625183105,71.52540465080564,0,255,1.6955867037602985,-8.01244068145752,14742737297b34ac440a0338877663ac.jpg
145.9024133682251,77.38069406275484,0,255,142.65594959259033,77.33316141627763,0,255,-0.04753264647720812,-3.2464637756347656,23ca1279bcbf10d8dc39e769e145a516.jpg
108.53675556182861,64.50301479275589,1,250,117.99023151397705,67.45934979639023,0,254,2.9563350036343365,9.453475952148438,62b2efa946bc993544fe42785b40fcdb.jpg
163.48947048187256,65.46725936863189,0,255,159.95609092712402,65.41135075916372,0,255,-0.055908609468161785,-3.533379554748535,c37c1b0387090f95fa7f6b38542f1d19.jpg
118.60356616973877,67.38136618851365,0,255,122.59575939178467,68.31870037606946,0,255,0.9373341875558054,3.9921932220458984,b1e31fb059b5a49bb70bb4f274c56841.jpg
148.17480182647705,52.91403165393159,0,255,143.94693088531494,60.26867239123744,1,255,7.35464073730585,-4.227870941162109,f5647785cac236ffe0ec3287f9f6aa84.jpg
146.73034572601318,83.4018933815695,0,255,140.55045318603516,80.4280931642477,2,255,-2.973800217321795,-6.179892539978027,8d92135190568a756e7850cec9f6577a.jpg
124.09342575073242,52.575976696726116,0,255,129.9161024093628,59.715045171483204,0,255,7.139068474757089,5.822676658630371,38ab2d3283b496d60dc137e94d16b7c6.jpg
141.78773403167725,79.96284086467294,0,255,132.21382808685303,79.01949374929288,0,255,-0.9433471153800639,-9.573905944824219,7d084c9a42f2afea0089aa08932a6516.jpg
165.25803756713867,50.30860793191033,0,255,153.22685718536377,55.03723721007911,1,255,4.728629278168782,-12.031180381774902,acf77cd6d5785f7f95c041f350c9d017.jpg
154.89171028137207,78.28889190897327,0,255,151.8523187637329,77.13336334030078,1,255,-1.1555285686724943,-3.03939151763916,4b6420b930df7a0b2b4d64fb1be5a796.jpg
149.18305110931396,85.6499266804011,0,254,139.57605361938477,81.9094498172005,0,254,-3.7404768632005982,-9.6069974899292,b75b0115ce7e890c8d3cc739cfc8c089.jpg
117.0772123336792,79.64445170373723,0,255,118.60619068145752,76.22909139019002,1,255,-3.415360313547211,1.5289783477783203,8f98e3e6e86e573a6bd32403086b3707.jpg
156.39755630493164,50.38354245112525,0,255,150.22472286224365,57.43651440933507,0,255,7.052971958209817,-6.172833442687988,f62e254cf73362e117599c99791f706f.jpg
129.55668830871582,48.77883584864826,0,255,142.31582355499268,51.46287901784793,0,255,2.6840431691996756,12.759135246276855,80bd0e3e1fbd70822b77e8df2dd00ff2.jpg
162.10896492004395,71.06550585000868,0,255,159.9408597946167,68.4635101607296,0,255,-2.6019956892790788,-2.168105125427246,ad58ac84f676ff6813a5df7a0057829b.jpg
134.85172271728516,54.25411658641813,0,255,137.4721965789795,54.16607097471459,1,255,-0.08804561170353509,2.620473861694336,0c7a38f293d5f5e4846aa4ca6db4daf1.jpg
148.8467092514038,59.44095638831108,0,238,144.13864135742188,64.30445726167561,1,252,4.863500873364529,-4.708067893981934,e86cde1dbe7a082d03b9c38b400e4c67.jpg
98.04889297485352,44.345612171421294,7,212,112.45896244049072,52.93738623554176,2,240,8.591774064120465,14.410069465637207,bd23539b8fb116791fe16b9854601c1a.jpg
149.7829999923706,53.15413375491392,0,255,141.80047988891602,61.29174056610502,1,255,8.137606811191098,-7.98252010345459,606765fe716741ebafc722890c81aaf8.jpg
110.70659828186035,74.37690169387751,0,255,112.0145673751831,76.96219301646313,2,255,2.5852913225856184,1.307969093322754,60398630bcbf4f2fa6f5730fd9a9f4dc.jpg
151.53899765014648,78.80427908502891,0,255,147.90399551391602,76.81584539753361,1,255,-1.9884336874953021,-3.6350021362304688,bd2783f6ab7795e45ccdbd4bb96250f3.jpg
103.60186100006104,66.08281620087557,2,245,116.09721660614014,68.40237937796142,1,249,2.319563177085854,12.495355606079102,a31fef91832012791b0a749471e37159.jpg
143.92957305908203,58.70568841337464,0,255,141.29285144805908,65.22610786769076,1,255,6.520419454316119,-2.636721611022949,b79e4a0140ad6e02038d6de55ab1a3fb.jpg
150.08779335021973,62.11968716536928,0,255,139.7774486541748,64.46695011063741,1,255,2.3472629452681346,-10.310344696044922,e9c0a723726efbed9a1d43d4db015ff3.jpg
145.18562030792236,58.33732423643592,0,244,143.5807466506958,60.16068361475584,1,252,1.8233593783199211,-1.6048736572265625,5ccbe9cf1b033cccdd76fd99cc6ccd01.jpg
156.17356204986572,75.1906506768312,0,253,146.31715869903564,75.53681196863197,1,254,0.3461612918007688,-9.856403350830078,7be2d2fc4e5821cbf3f5fb7d7d3a3c8e.jpg
161.14423274993896,53.87721404890345,0,245,148.80413818359375,58.99582189122725,0,251,5.118607842323804,-12.340094566345215,57a083a3936273d9308af1bb7c83791b.jpg
146.79919624328613,80.41118538873222,0,255,139.6665325164795,79.88119991256391,1,255,-0.5299854761683065,-7.132663726806641,11b3a0fe7f25bbe7643c60bcb14c35f5.jpg
118.87652683258057,66.97329343908778,0,255,127.28032493591309,69.78900132630547,2,255,2.815707887217684,8.40379810333252,59b1dc77610f1c18cf6524b476128321.jpg
147.2765293121338,81.04420778336976,0,255,141.5568609237671,80.56550343824865,2,255,-0.47870434512110194,-5.719668388366699,bd3fa1499eba12696a695b952f9218a3.jpg
150.84767150878906,64.26131129516632,0,237,144.88724422454834,65.09210812147691,1,251,0.8307968263105892,-5.960427284240723,1730d2ebd1cc96e9e5656cdf916ac7f8.jpg
152.49815464019775,80.43755348535316,0,255,140.75310516357422,78.51769223589402,1,255,-1.9198612494591458,-11.745049476623535,e68532fbad2aa9d9fee2900c341c8c6b.jpg
166.6695852279663,69.56574802987407,0,253,155.21416187286377,71.02716766816631,1,254,1.4614196382922415,-11.455423355102539,6371c2201020a3f7e4c5a56f8f7a4fea.jpg
126.98340797424316,65.93345266156147,0,255,132.9568691253662,66.54020458906511,1,255,0.6067519275036375,5.973461151123047,47d1e25eede8a23cc44fda5c031127d6.jpg
119.20058917999268,59.91175415412089,0,255,124.41834545135498,66.04380841871014,2,255,6.13205426458925,5.217756271362305,c2fafca7a6e8316c8bc0a3dc400b8aba.jpg
126.06560802459717,70.75849136709836,0,247,124.7009048461914,70.17548097325017,1,251,-0.5830103938481841,-1.3647031784057617,041081d11262c5f150e655f5e5ff0a2c.jpg
168.39462280273438,64.95614817581125,0,255,153.14258480072021,67.59837304338407,1,255,2.6422248675728213,-15.25203800201416,2ba459709d0d25824e0baf9f6d4f94e6.jpg
97.35608291625977,50.31316044307112,0,255,112.19501304626465,60.12388500807347,2,255,9.810724565002353,14.838930130004883,a847bdede3ab373ca4e2ab6199dc569f.jpg
116.29639053344727,64.66875361847919,0,235,123.17714977264404,63.70475276708907,1,253,-0.9640008513901179,6.880759239196777,3bb06e20b2595be65d7a95e948b2169c.jpg
141.22720909118652,55.118960253763944,0,255,140.66754531860352,62.70816434980173,2,255,7.589204096037783,-0.5596637725830078,697c98dcc1457ad774db7b42a4e1e8b4.jpg
135.43764114379883,83.8357615238119,0,255,131.29291820526123,82.01579190785458,0,255,-1.8199696159573193,-4.144722938537598,67c83db34f74fb6203fc52f789ec3a31.jpg
140.8821039199829,77.75120573141034,0,255,135.97996425628662,77.41523430003329,1,255,-0.33597143137704677,-4.902139663696289,ea0ab2737896670ca5d52dd4b10285ab.jpg
122.85357666015625,70.03977805267832,0,255,124.79885864257812,74.43509954541837,1,255,4.395321492740052,1.945281982421875,c9380a132776f6d999ed5a72a1212bcf.jpg
101.55202293395996,67.50104115106309,0,241,111.8176212310791,67.23574083922915,0,252,-0.2653003118339399,10.26559829711914,bf33d826094fabd938f69b3ba663f607.jpg
166.66470050811768,49.4323164474075,0,255,160.80855083465576,53.32147203705996,1,255,3.8891555896524608,-5.856149673461914,7237fe007c5cab239011e89137eee3a7.jpg
135.0600004196167,75.64692788799955,0,249,128.7001657485962,74.81418160553133,1,254,-0.8327462824682215,-6.359834671020508,a5c5bca04df42e9949aa48cee3ad67c7.jpg
131.07090377807617,46.93066247183824,0,255,136.52956771850586,52.563098384997694,1,255,5.632435913159455,5.4586639404296875,4462595f31d1a2c5aac2b3a8a49536d4.jpg
127.95914459228516,57.39827453793128,0,255,135.89331531524658,61.44710558432515,0,255,4.048831046393872,7.934170722961426,b1e63a68c95bda1c50667decd3989ca0.jpg
152.08812427520752,73.30790603616023,0,255,146.68139266967773,73.23345812815838,1,255,-0.07444790800185785,-5.406731605529785,d43c6680c56521ab6aafd6babf8bd7c6.jpg
147.39110851287842,79.16846576717708,0,255,137.7203950881958,77.67092265955351,1,255,-1.4975431076235708,-9.670713424682617,0ea4221d568ab487af7c433a3df6307e.jpg
127.48346424102783,58.09963816011778,0,255,134.72576236724854,63.469049641795074,2,255,5.369411481677297,7.242298126220703,624fadcfe3f204dd43ce49bdce00c0f4.jpg
140.47590351104736,80.67937667433083,0,255,136.03223133087158,78.64824618924858,1,255,-2.031130485082244,-4.443672180175781,acd377b981077dfd46028b37d3efb502.jpg
136.0038709640503,65.16929867787034,0,255,136.08730125427246,67.07127200893761,0,255,1.9019733310672677,0.08343029022216797,474f5063494b22e24a8a4855b080a640.jpg
116.23146438598633,51.16222212731874,0,255,128.99222373962402,58.82999402884412,0,255,7.667771901525377,12.760759353637695,fc206ae1d3ef8a63e90642dba9f75e4a.jpg
143.23770236968994,83.58808952160182,0,255,137.26006698608398,81.48826237116,1,255,-2.0998271504418113,-5.977635383605957,bb99c58b3e18ca4a52dbd27495d88216.jpg
147.82075691223145,55.64925972703784,0,255,139.70657920837402,60.437236276829246,1,255,4.787976549791409,-8.114177703857422,bedecebc0349e52e9afe5cc8f2e067a0.jpg
128.38909435272217,70.94334624444716,0,255,131.70858669281006,72.05840614863683,1,255,1.1150599041896783,3.3194923400878906,498ac0c4815a890629cf509446a47238.jpg
120.44897842407227,64.10112041459531,0,255,123.6499547958374,68.15824592153511,1,255,4.057125506939798,3.2009763717651367,bc87ef332a3c532a7e86893cae30e127.jpg
133.28239822387695,88.01567894543729,0,255,131.68323516845703,84.89891452391751,1,255,-3.1167644215197754,-1.5991630554199219,8e8605a691bd8149aad332a64fce5dcf.jpg
165.87082195281982,55.535647855771074,0,255,155.09551811218262,58.44332402299697,1,255,2.907676167225894,-10.775303840637207,c516ff097d60479f58a797cefad2c80f.jpg
149.3074026107788,61.68334104653793,7,255,137.96099090576172,64.3112257700326,2,255,2.627884723494674,-11.34641170501709,fe620114981e611e4e92f017dafc254f.jpg
140.6695795059204,61.18133708618376,0,255,138.6653070449829,66.82024557875158,1,255,5.638908492567822,-2.0042724609375,ecd1275cbffcd530452e2b20dd070b4e.jpg
139.8858757019043,75.42009334525481,0,255,132.8438138961792,76.46700421704669,1,255,1.04691087179188,-7.042061805725098,b32a218326ec600eb1bdc3297eed2c16.jpg
138.12257194519043,70.51604821673455,0,237,131.89252281188965,71.27512419615785,1,252,0.7590759794233009,-6.230049133300781,ce2445abc396911bace06d962bf9b6e6.jpg
179.24555206298828,54.8755960041502,0,255,162.42604732513428,58.88387786715156,2,255,4.008281863001365,-16.819504737854004,c619a784636c085eb798f98a5ba1102d.jpg
133.3105344772339,67.07131366157367,0,238,132.9612216949463,69.37308617226483,1,252,2.3017725106911655,-0.34931278228759766,df2e21b90ce0510ed66e161136cf60ad.jpg
139.9317445755005,81.55567560923156,0,255,136.51966762542725,81.04641107732489,1,255,-0.5092645319066662,-3.412076950073242,1951e0eba7c68aa1fbd6d723f19ee7c4.jpg
130.45588779449463,61.67702596643555,0,255,131.85459518432617,67.7974949732542,1,255,6.120469006818652,1.398707389831543,c8a24a5d72c93b72685287c27e0d4623.jpg
139.71943283081055,62.504111912017436,0,255,136.41356372833252,66.2452372573487,1,255,3.7411253453312696,-3.3058691024780273,d2bc15eab8150cfcbcd9364c20c7297d.jpg
123.15228843688965,66.21037919822369,0,255,125.9662675857544,67.6987199570099,1,255,1.488340758786208,2.813979148864746,2b6ec0aa221b1f430e8f5cb1696844dd.jpg
160.24742794036865,46.9110057695825,0,255,153.25794887542725,51.282163671097486,0,255,4.371157901514984,-6.989479064941406,613fd7f3a8b48248d4027c90a414ff9a.jpg
99.32818603515625,49.09587114921257,10,251,111.23397254943848,54.54158910671907,4,253,5.445717957506503,11.905786514282227,eaa4b09922cfd1c4130787403173e93a.jpg
132.94351482391357,86.6418842382505,0,255,127.5551986694336,85.66726917143346,0,255,-0.9746150668170372,-5.3883161544799805,5c10838d84f0c6a1bf21c375100a1e7d.jpg
149.126784324646,79.15194655457807,0,255,140.25729370117188,78.5759998592767,1,255,-0.5759466953013685,-8.869490623474121,24b3b89454ece6db0ba1a5cb83f3421a.jpg
144.4526834487915,66.73708906137804,0,255,140.86954498291016,66.75773803490571,1,255,0.020648973527670478,-3.5831384658813477,2866813d0d8eeae54af11160adb68731.jpg
118.5469274520874,63.51428869019597,0,227,127.49740219116211,64.08111417150882,1,252,0.566825481312847,8.950474739074707,e2ec7fc4c6f718c7da540ee96d64b724.jpg
164.9688959121704,66.8668378789586,0,255,154.38265705108643,69.22808664542568,0,255,2.361248766467071,-10.586238861083984,231eceaec9e603e7cdb2021bd2ccbe02.jpg
157.40447807312012,67.24338296387316,0,255,150.50090789794922,70.26847663666531,0,255,3.0250936727921527,-6.903570175170898,f0b7c809436fc5f445098da06308cebc.jpg
127.08056735992432,66.99586142802657,0,247,125.84827136993408,65.45507202841702,1,250,-1.540789399609551,-1.2322959899902344,fdcdbc6befee8ab9553039895835bad8.jpg
106.25217151641846,61.14055814326879,0,255,117.23361206054688,60.59370555661337,2,255,-0.5468525866554188,10.981440544128418,88974ca0acec2690c1e0377c4523662e.jpg
148.1749029159546,42.538336954283295,21,255,144.26553535461426,53.280950049210524,4,255,10.74261309492723,-3.909367561340332,12ede510c82b53705e33fa758ff03131.jpg
123.04933166503906,62.938759907054106,0,252,131.30416679382324,64.40169829589335,0,255,1.4629383888392482,8.25483512878418,6e4915e84e38de5d90efe0ecfd8f2cf6.jpg
138.15249919891357,86.14170486772841,0,255,135.23668956756592,83.66961023865589,0,255,-2.472094629072515,-2.9158096313476562,d28436f3bcb1f8a129b35a812d5c8cfb.jpg
142.3027515411377,53.59545071053759,0,255,147.47894191741943,60.86805642428566,0,255,7.272605713748071,5.176190376281738,6fe8a6cb3929ebdfa1cc078b0318e363.jpg
136.90190601348877,81.19517263024404,0,255,130.05694389343262,80.27010501156657,0,255,-0.925067618677474,-6.844962120056152,ab8276dba30d7268b96c07a0fff9bbdb.jpg
163.2661256790161,68.45009926837454,0,255,156.7416296005249,69.85624568047382,0,255,1.4061464120992753,-6.524496078491211,7cc9b48563e197c84ec4ee8d30d5b3ce.jpg
161.39573860168457,57.485341911496604,0,255,143.9932518005371,62.10004553439771,1,255,4.614703622901104,-17.40248680114746,0187da5fd71c7a2917346bf12a67bbe4.jpg
156.79392433166504,79.93509109084542,0,255,147.43274116516113,77.41681410555472,1,255,-2.518276985290697,-9.361183166503906,c394eadea89e5795c8037280492d116d.jpg
140.38197898864746,83.68181947186444,0,255,135.81731796264648,82.04370763246602,2,255,-1.6381118393984195,-4.564661026000977,816008f1b6e1fd740b3b52bb9e258377.jpg
174.44323921203613,64.22650406860336,0,255,162.80372714996338,65.70612266985782,1,255,1.479618601254458,-11.639512062072754,38d4443729e3b217cb38e78df6694dd7.jpg
133.86445808410645,65.04362856099256,0,255,131.87576961517334,66.44918996095403,0,255,1.4055613999614707,-1.9886884689331055,da922b5ee573e770260d4f6c849a17a5.jpg
124.15762329101562,65.63726184929234,0,255,125.21728038787842,71.3999990247065,1,255,5.762737175414159,1.059657096862793,5c796eb672128aa15473051998334a09.jpg
120.8201494216919,70.8953233777101,0,255,123.54612350463867,67.43454842234455,0,255,-3.460774955365551,2.7259740829467773,fa6cfad334f4061af968f0896319bdf4.jpg
139.46307754516602,61.75038928716344,0,255,140.63721084594727,63.941437113611684,0,255,2.1910478264482407,1.17413330078125,41cee81dbe9886a56b6c3ee56fb23448.jpg
138.72004222869873,52.23034737737251,0,255,143.423189163208,58.84929532802922,1,255,6.618947950656711,4.703146934509277,d7c148eb16f56462447f7f9c78ce390d.jpg
123.60093784332275,69.72434165097862,0,246,122.62066459655762,67.69015661710426,0,250,-2.0341850338743512,-0.9802732467651367,7e27268a3207b3c92b29380778076742.jpg
148.05188083648682,61.85298727426647,0,255,143.69573593139648,66.80235554926654,2,255,4.949368275000069,-4.356144905090332,73e54ffef4d7e3de197b530d4f1ae026.jpg
118.0898962020874,77.32724778030965,0,255,118.8524398803711,75.60952762127376,1,255,-1.717720159035892,0.7625436782836914,9d9caa9e06ec349f19f871e3fe2f343a.jpg
126.74428653717041,58.14393426505019,0,255,133.5524549484253,62.27528988155847,0,255,4.13135561650828,6.808168411254883,c1ef70e18d73c3fe0b0d741b1b0b59fb.jpg
137.5276002883911,59.20990688531885,0,255,137.17674160003662,64.77996910296959,2,255,5.570062217650737,-0.3508586883544922,0c577dc6594dab44ebbd6964de673eaa.jpg
129.96936893463135,64.6801464169921,0,234,129.83480548858643,67.66765753919984,1,250,2.987511122207735,-0.13456344604492188,4652edceea12613caef68322a7fddec0.jpg
137.20793342590332,63.92621753477063,0,255,143.1783208847046,63.96455786274694,1,255,0.03834032797631437,5.9703874588012695,4004f114ab2ecb224ac7484957b79ea4.jpg
122.9533805847168,50.24911618813878,0,249,128.15455055236816,56.21127006509019,1,254,5.962153876951412,5.201169967651367,e991a1b8b7d4d863205850ceb863343a.jpg
145.9442949295044,63.093093522601244,0,255,142.585054397583,64.95010728202058,0,255,1.8570137594193383,-3.3592405319213867,18ee9ef3baea468de2087e0edd85e919.jpg
151.73970222473145,49.24889149657264,0,255,153.7751235961914,53.00499117169355,1,255,3.7560996751209075,2.035421371459961,1fc71d17e68259b0ae13b884ccce7309.jpg
122.82695865631104,64.71077633962909,0,255,126.01618385314941,65.64720603070226,1,255,0.9364296910731724,3.189225196838379,e9269d70abec8d90f4790c6afaa4a924.jpg
131.64835166931152,62.253637006220906,0,252,131.88619232177734,63.00836020695767,1,254,0.7547232007367626,0.2378406524658203,23c9516db65572bae3125bcaead302d3.jpg
126.06069374084473,91.92695840077353,0,255,122.85407638549805,89.33789206577119,0,255,-2.589066335002343,-3.2066173553466797,a824f7f43552c3af8d846dd1cc0f0c11.jpg
131.59958934783936,65.18680081441973,0,255,134.5712022781372,70.13511530338691,2,255,4.948314488967185,2.9716129302978516,2cb442312ff65f3255923b38dc6dc2fa.jpg
135.27603435516357,53.025914449582,0,255,142.16156387329102,56.92446615516697,0,255,3.898551705584971,6.885529518127441,9943805f08872ab64d994fc84ff1b25d.jpg
144.11991024017334,42.60047871860152,0,255,143.22639846801758,52.50017116981284,0,255,9.899692451211315,-0.8935117721557617,b19140c03d24dd602afccafbb6485930.jpg
143.44714069366455,59.85645790862397,0,255,149.0715456008911,62.295159130533754,0,255,2.4387012219097812,5.6244049072265625,d2305891b7a1433e06323ea610d47884.jpg
146.37366580963135,85.02788520715792,0,253,136.37547779083252,83.45514730078033,1,254,-1.572737906377597,-9.998188018798828,a61be8051f02ec494ed40696e988f6d1.jpg
122.06325912475586,61.17017105785593,0,255,127.07580661773682,61.770998602240105,2,255,0.600827544384174,5.012547492980957,d700828f067b24ac9bc70bc8bbee1bea.jpg
163.11589908599854,51.05411147711309,0,245,150.96899700164795,53.097219686076,1,249,2.043108208962913,-12.146902084350586,7ec4a135c83baf0142cb9d7cfc597937.jpg
135.9761724472046,83.9603243387552,0,255,130.35378456115723,81.77419145034142,0,255,-2.1861328884137805,-5.622387886047363,b66bd49e532dc5b3d043aff504c5f165.jpg
117.00092124938965,49.441200466145865,0,255,126.6679105758667,54.61077060461574,1,255,5.169570138469872,9.66698932647705,9df823bdb8130ffcea2bee7544a0db94.jpg
139.8776512145996,84.00949997559111,0,255,135.8266954421997,83.02183506084575,1,255,-0.9876649147453662,-4.050955772399902,8004676ecf95af8cee446cbcd139a938.jpg
135.1983127593994,56.43809660751416,0,255,140.38006114959717,60.908630918706024,0,255,4.470534311191862,5.181748390197754,f5eb3e7e9ee9c4d08377de30251a94e2.jpg
128.888897895813,63.62678339256322,0,255,128.3681755065918,65.41107316084873,2,255,1.784289768285511,-0.5207223892211914,cf95785b8e8bf924e9cf0b51faef41aa.jpg
134.47391891479492,60.13540158726514,0,255,135.87981700897217,63.19601222672396,0,255,3.0606106394588153,1.405898094177246,7fd3b9dfa5050c1f879046960e0cf0d7.jpg
116.00858402252197,70.51702176033487,0,244,120.85942077636719,71.69191138038684,1,252,1.174889620051971,4.850836753845215,2e7b51cf120ec59d369331d09bba34b8.jpg
120.66299533843994,67.1562538908684,0,255,125.53522300720215,68.61985133490376,1,255,1.4635974440353579,4.872227668762207,5110151fc236f15afffe7a5f8b9d7173.jpg
153.63541793823242,78.12697540956195,0,255,148.58709907531738,75.28298708282645,0,255,-2.8439883267354986,-5.048318862915039,f60cef429e2b47fd330fbfcfd3ec3a31.jpg
134.95682525634766,51.32488438047425,0,255,140.16768074035645,57.78295517435921,1,255,6.458070793884957,5.210855484008789,215ebc513445e8e809addf6029df970c.jpg
144.58464527130127,48.315812318268996,0,255,142.03214645385742,50.830933481554595,2,255,2.515121163285599,-2.5524988174438477,9c9f556eea533f066368e0f4a452bee7.jpg
156.17497062683105,73.37981804581544,0,255,151.85039615631104,72.71831735266974,1,255,-0.6615006931456975,-4.3245744705200195,abffa843a8032bc9d0fd85b85ee99ca3.jpg
126.52786254882812,49.37948317605111,0,255,123.1131238937378,59.40259734904256,1,255,10.023114172991448,-3.414738655090332,0c6a7e3c733bd4f4d89443ca16615fc6.jpg
123.64091873168945,69.7516803831946,0,255,124.57659149169922,72.50690127959999,2,255,2.7552208964053904,0.9356727600097656,66c03db83615b5c925b5bbdcd4a3c326.jpg
156.3346061706543,70.53086265473796,0,255,146.57289123535156,71.36893901562468,0,255,0.838076360886717,-9.761714935302734,ae36d480c2a2fc78c9ff95f4266bd059.jpg
136.75881576538086,59.84521111684845,0,255,144.1144552230835,62.93211366439021,0,255,3.0869025475417544,7.355639457702637,edc6ab1b2233143d011edf7706c32b6c.jpg
128.00183582305908,64.8819384491129,0,255,130.3349151611328,66.53941801184456,0,255,1.657479562731666,2.3330793380737305,0760a14308badcbd370c6866c9db3a0a.jpg
144.1648292541504,59.96803291668142,0,255,142.65558433532715,65.0519927179259,1,255,5.083959801244475,-1.5092449188232422,1f80202df9f9ee45002ea22f2f29d31f.jpg
171.6840581893921,47.02908361727512,0,255,158.3088092803955,56.92282084830277,1,255,9.89373723102765,-13.375248908996582,dd83b3e293e8801c9fb167c53f96e2b6.jpg
153.43493175506592,57.89813324136555,0,255,144.49161434173584,63.846033461706114,1,255,5.947900220340564,-8.943317413330078,6f8e0af5fff2c4c45f6eb841a4221235.jpg
116.71706867218018,75.08731853137608,0,255,119.22450828552246,77.32740666878222,2,255,2.2400881374061328,2.507439613342285,7af293bb03a398b6c01473dafb739d1e.jpg
163.42007541656494,66.55031175203933,0,255,159.0367250442505,68.57092736024252,0,255,2.0206156082031868,-4.383350372314453,a0f8199197edd3488950b47b3db6646b.jpg
156.08639430999756,55.63920170616738,0,243,150.92278289794922,60.30128194326962,1,252,4.662080237102245,-5.16361141204834,ab11a974837f5313912804939bfae79e.jpg
160.1721477508545,66.01347835944422,0,255,153.18097400665283,68.01219990954597,1,255,1.9987215501017488,-6.99117374420166,77d6928016b9ddbb311fe1653289790e.jpg
140.63463878631592,77.87806939207391,0,255,132.80121994018555,77.99141468018323,0,255,0.11334528810931488,-7.833418846130371,de4ab903cee751d979e2a7c14f51500f.jpg
143.75014972686768,60.09553381147645,0,255,141.9466848373413,62.3758794414149,0,255,2.280345629938452,-1.8034648895263672,6b49f9a611fb606933242b3409569497.jpg
149.68773937225342,36.29769395768835,3,255,143.50769710540771,48.321272058620515,1,255,12.023578100932163,-6.180042266845703,33bcd2002f1d92524e489a70b48aaf38.jpg
136.65117645263672,65.69884380319527,0,232,139.7792911529541,67.07093901105524,1,251,1.3720952078599709,3.128114700317383,3583d368951a896ea95b498bb4efaec4.jpg
118.97597408294678,54.85558216857225,0,255,126.42291831970215,57.30066732477485,0,255,2.4450851562026017,7.446944236755371,d1dfd6ac02ac34ebaf9788ec9b2de1f3.jpg
155.70073413848877,77.93809156935087,0,255,147.07311058044434,77.61366662971174,0,255,-0.32442493963912966,-8.627623558044434,0c8447ce02d73c505a90a9c7af8c83ce.jpg
160.39821338653564,51.66143856045429,0,236,152.6968870162964,58.742081911914596,1,251,7.080643351460303,-7.701326370239258,363999879bc614085397f192124c23b0.jpg
138.87428092956543,47.460301895799184,0,255,141.3257179260254,54.478599321411,1,255,7.018297425611813,2.451436996459961,42fba4329860d5995fea57553104907a.jpg
134.84207820892334,64.95878850033303,0,235,133.9631814956665,67.35732420698449,1,252,2.398535706651458,-0.8788967132568359,8ab165974684980021cfd4d69d0874a5.jpg
137.21174812316895,83.11371630452477,0,255,130.998046875,81.93286572465962,1,255,-1.180850579865151,-6.213701248168945,f42000d2ffb02c74c696fba7678c51a6.jpg
120.80860137939453,57.034032023782146,0,255,123.4059419631958,61.711471749158235,1,255,4.6774397253760895,2.5973405838012695,87a8df2f22475c7200ebe891d0f25b88.jpg
183.80621910095215,66.53384327622679,0,255,167.8985538482666,72.20655234955188,1,255,5.672709073325095,-15.907665252685547,4016b176eaf40d514b0559a0aeb48f21.jpg
114.7903642654419,68.24430309932325,0,255,122.09568977355957,69.59214257167183,1,255,1.347839472348582,7.305325508117676,877a53d035ddd0a518cb4c08f7f0d962.jpg
115.23651123046875,53.379340584631784,0,255,128.92065048217773,58.72631731795036,0,255,5.346976733318577,13.684139251708984,ded121c1fb2afcda23e7eb5aefa7daa0.jpg
140.17037868499756,66.18974738404665,0,243,134.72382259368896,68.55957539635843,2,252,2.369828012311771,-5.446556091308594,5879d22d9f6aec0ba5d682bcc6131e22.jpg
153.57104206085205,57.82553796401471,0,255,146.560866355896,62.93428432372703,0,255,5.10874635971232,-7.010175704956055,fc7a5aa2e71f3a9cd2ee1a871303239e.jpg
122.02090263366699,60.77880501313374,0,255,130.0098123550415,63.806828290992044,1,255,3.0280232778583027,7.988909721374512,995533127aa50c3b1a64829055850319.jpg
163.36292934417725,73.48241118721484,0,255,157.40736484527588,73.38418995876008,0,255,-0.09822122845476144,-5.955564498901367,e694841193437bcb89ad2c1acbf95f79.jpg
111.39690589904785,69.90717926786634,0,255,117.18821907043457,76.43793346258941,2,255,6.530754194723073,5.791313171386719,68194ba7f002feafff03a21625a07305.jpg
122.60946083068848,66.17742320398773,0,248,126.33871650695801,63.041020526859924,1,254,-3.136402677127805,3.7292556762695312,f1e4056384e1926c3ae33882e0dc00cb.jpg
148.93140506744385,64.00692509774672,0,255,141.39740467071533,66.39394983810479,0,255,2.387024740358072,-7.534000396728516,53d4fbf11ca8be107a343df37ca9eddc.jpg
134.77562808990479,64.01647727271485,0,228,133.33553409576416,66.13606640517045,1,250,2.1195891324556015,-1.440093994140625,168ff8ed5a696e2b1270b6449a996cd5.jpg
123.37457942962646,67.70019623211363,0,243,126.7822437286377,69.36238914751429,0,251,1.6621929154006665,3.4076642990112305,e988f84d11f5903f930dd67fa55ce628.jpg
123.9051160812378,59.78096076599653,0,255,124.08790397644043,61.58396104988244,0,255,1.8030002838859076,0.18278789520263672,18533a53425600e4da1e36085cbad104.jpg
176.59593200683594,44.135701424532606,0,246,162.6614694595337,48.51404982630731,2,251,4.378348401774701,-13.934462547302246,10e7dac260f11046164aa94f2d8add9f.jpg
115.31120777130127,76.91697352195327,0,253,124.36616230010986,73.67003203465143,0,253,-3.2469414873018394,9.054954528808594,00bcb82818ea83d6a86df241762cd7d0.jpg
159.18080043792725,78.30464213503062,0,255,153.70779705047607,76.53689927492222,1,255,-1.7677428601083989,-5.473003387451172,2121782e288bb5fccf342938ce4faee2.jpg
101.5750617980957,68.44488354597415,0,255,109.63599967956543,72.95995351717295,2,255,4.515069971198798,8.060937881469727,522dea0833b59836405679f464299eac.jpg
150.37989711761475,71.40298695262433,0,255,140.1275749206543,71.26448523560465,1,255,-0.13850171701967895,-10.25232219696045,4987937425ec6478ba2f1c7549cb5369.jpg
98.9295072555542,47.96667251698469,1,207,116.955979347229,54.303306767732565,0,237,6.336634250747878,18.026472091674805,b5bd1410c0347b22fba82f6bb6a3a45c.jpg
156.55070972442627,75.2817286621422,0,255,149.65906429290771,74.47717191114923,2,255,-0.8045567509929725,-6.891645431518555,6ce61a39f1e1bff629566de047ab8775.jpg
156.53313064575195,75.2609129120881,0,255,155.1811056137085,73.74569836049295,1,255,-1.5152145515951503,-1.352025032043457,17a34d586de2a9e5a440755ea530ce5d.jpg
137.28477573394775,69.65097549206435,0,255,135.20554733276367,72.28205598659551,2,255,2.6310804945311617,-2.079228401184082,4a5732c7b9983cc84c987f27de556a9a.jpg
145.195143699646,58.10876188894431,0,255,145.680908203125,61.595500752298356,1,255,3.4867388633540486,0.4857645034790039,aaef6f8db63b90e24660b8d788103ff6.jpg
126.54326248168945,70.48879182230664,0,255,124.82603359222412,73.34950463641783,1,255,2.8607128141111957,-1.717228889465332,8cacb3b69e1fcc845537d1e4a7c1c5ab.jpg
151.52459621429443,73.94112867567935,0,255,144.63385581970215,74.88977154884266,0,255,0.9486428731633083,-6.890740394592285,56c3bbef093e2a2601cf4373aac9ff92.jpg
114.44071674346924,66.50538225388414,0,255,120.41299819946289,72.17061299890602,2,255,5.665230745021887,5.972281455993652,2cf24e4b4380252c4dc94a0e63bed062.jpg
155.82218742370605,55.44681245367964,0,245,148.50763320922852,59.6968617145063,1,251,4.250049260826657,-7.314554214477539,4bd71829299b65b9ba7a01ce24387427.jpg
156.20116424560547,72.29885811556056,0,255,149.6691951751709,73.2708103603014,0,255,0.9719522447408337,-6.53196907043457,fb8e11c6b2886b2d41b379e0598669b9.jpg
116.51753807067871,52.37386120010977,0,255,126.01920223236084,55.48138633130337,1,255,3.107525131193597,9.501664161682129,5ee7d7e6df4cda91b44134754044751c.jpg
164.9604082107544,49.479727431077706,0,255,154.58704376220703,56.67742161889732,0,255,7.197694187819614,-10.373364448547363,98ffafc82ac9d3aec1d4d3957d0d9322.jpg
138.7713451385498,68.66313892647881,0,245,134.75195407867432,69.14210299703655,1,249,0.47896407055773693,-4.019391059875488,a7e65af70639bcbe5abc17ed529ab765.jpg
99.11604118347168,56.874755543117416,0,229,110.92027473449707,60.15620871110763,1,250,3.2814531679902146,11.80423355102539,67533fa705019e473c1609ec6ed294d8.jpg
115.4506025314331,67.9332683361969,0,255,117.93173789978027,72.66927891843584,2,255,4.736010582238933,2.481135368347168,edb61d8f85f46f6da703ab9730bf35b1.jpg
155.05310726165771,58.31041367584378,0,238,147.16142177581787,63.00290861125955,0,252,4.692494935415766,-7.891685485839844,58f1092e67574175f2f17b06b1f66911.jpg
141.34724807739258,64.21645339920121,0,255,139.26372528076172,67.94305115415372,1,255,3.7265977549525076,-2.0835227966308594,9340b8c8362e2734af5bf9edecf6efac.jpg
174.16291427612305,64.65212468301773,0,255,163.5165433883667,68.010500426902,1,255,3.3583757438842667,-10.646370887756348,f2c0995bf613672b13eb82ee09b1547b.jpg
142.35850143432617,59.8667720929094,0,255,139.40729236602783,61.45384433381151,2,255,1.5870722409021099,-2.95120906829834,373c57c281c8b4476ee2603757fde26a.jpg
140.20068073272705,54.32258979266153,0,255,140.39206504821777,60.172707742456915,2,255,5.850117949795383,0.19138431549072266,675d4dfbc02d948b3be479815f560c2e.jpg
164.54788208007812,71.3716925470108,0,255,157.30011749267578,72.71954273288831,1,255,1.347850185877519,-7.247764587402344,f8e34b28f4fa0c030e1d55b1190990f1.jpg
146.77341747283936,77.50021487473231,0,255,138.02300834655762,77.9371151575875,0,255,0.43690028285519134,-8.750409126281738,305e4add9c72c91e9984305bf4e85aee.jpg
121.83019256591797,66.78498842554659,0,255,124.29825401306152,69.81608007804233,1,255,3.0310916524957463,2.4680614471435547,26d1d5a0ef2e692c6340e74859ffdc53.jpg
120.67419242858887,68.83958171744105,0,255,123.38695907592773,74.1848891908907,1,255,5.345307473449651,2.712766647338867,4adeb5e5837fa7187535346c27d1afa6.jpg
161.49147605895996,51.010469669215205,0,233,153.04419326782227,57.66570216564459,1,251,6.6552324964293845,-8.447282791137695,13088cbf40717bace59ef0961554c08f.jpg
125.68402671813965,69.16599948661072,0,255,128.15140628814697,68.00707528938163,1,255,-1.1589241972290836,2.467379570007324,f5b2547ee619395f63368aab8996f2fb.jpg
106.21910381317139,52.64811867938481,0,255,120.7728385925293,61.081847820765006,1,255,8.433729141380198,14.55373477935791,a2480b9f63cc65e052dc0b9ad19c866e.jpg
114.10803413391113,65.70795507416507,0,255,122.04489421844482,69.8640860808683,1,255,4.156131006703234,7.936860084533691,8845010681f45c2c6f2271ac8bebdfbc.jpg
132.36671447753906,50.260284035872665,0,255,138.44207382202148,58.64083304904377,1,255,8.380549013171105,6.075359344482422,67d78accb5656a6e435a912ca941c27e.jpg
135.56845474243164,51.298316624542664,4,255,137.09323692321777,57.35277256968479,1,255,6.054455945142124,1.5247821807861328,05e0b2465053b685ca37849eac3dd62f.jpg
121.55662727355957,61.69420847479032,0,237,126.98999404907227,62.58524678802619,0,253,0.8910383132358675,5.433366775512695,c85587ddf15dbf7ab134208647cb9856.jpg
121.45230960845947,77.58694669783166,0,255,121.83063507080078,78.75806624348128,2,255,1.171119545649617,0.3783254623413086,77d62e6304de7f244ac509794c99b483.jpg
137.69750022888184,51.13078891733798,0,237,133.78676891326904,57.494377498845765,1,253,6.363588581507784,-3.910731315612793,53be245b32ccb6e9cfd1bee68969fcd5.jpg
168.174147605896,71.89938812756951,0,255,159.81270122528076,73.26558313892103,1,255,1.3661950113515218,-8.361446380615234,e9954e6e3b2d0c5bf990a519c0ba5abe.jpg
161.67594718933105,48.516064400019474,0,255,154.83480548858643,53.476947810761644,1,255,4.96088341074217,-6.841141700744629,513203e29fe43941076e37a945e58c36.jpg
166.81937408447266,62.63937625188662,0,255,157.27809715270996,66.88737127513541,0,255,4.247995023248791,-9.541276931762695,6ada6149fec45a9046dbfe15e3459ec8.jpg
96.05558490753174,75.6430747082233,0,255,101.18896007537842,77.90077305068391,2,255,2.257698342460614,5.13337516784668,7691599752bbacd065fc71d3b54e67d0.jpg
147.20546054840088,64.19487337795034,0,255,141.8101511001587,64.08145122989202,1,255,-0.1134221480583193,-5.3953094482421875,659c6031ed4b7d875e5e14662eb50bf2.jpg
144.0375270843506,81.81761646115972,0,255,142.72824096679688,79.99150392923539,1,255,-1.8261125319243234,-1.309286117553711,75dc0e82de7e756942ad4dcdb45c1c8d.jpg
137.34621143341064,70.6414193450037,0,240,134.29923820495605,70.58173083864861,1,252,-0.059688506355087156,-3.04697322845459,2b658b536fb15c22f623c3d6672b64d0.jpg
151.22874069213867,59.97939132641949,0,230,147.38667583465576,62.3208972151462,1,246,2.341505888726715,-3.84206485748291,734bbd50e6a2265ae0092510852c9c24.jpg
127.28139019012451,64.2249463754306,0,238,128.56056785583496,67.05815764131897,1,250,2.833211265888366,1.2791776657104492,2954986a6bc846398d3cc9bc2297ed84.jpg
123.9488525390625,60.73595744071799,0,230,126.90467548370361,63.09714336698469,0,252,2.3611859262666997,2.9558229446411133,6833c509c10b569d6167db70b83ee5d5.jpg
98.46095752716064,67.57535957554208,0,255,111.0700454711914,70.94723626292662,2,255,3.3718766873845425,12.609087944030762,e9581123b6819b2cd1bcf6ed35481520.jpg
158.24516487121582,68.10056237932355,0,255,154.0437831878662,67.74477601349174,0,255,-0.3557863658318041,-4.201381683349609,23cc21ad490ea10045c00fba3a208b3f.jpg
135.04487133026123,75.03222082231494,0,255,129.11282444000244,76.82075741231749,2,255,1.7885365900025505,-5.932046890258789,3156b5feb62ed8cfdafef21f1f82a6c1.jpg
107.7542724609375,65.9082434728298,0,255,117.40300369262695,70.99361234258856,2,255,5.085368869758767,9.648731231689453,b17fa1439061ffd2a0b36e8acd83bc32.jpg
136.31557178497314,58.80106705570602,0,255,133.84631156921387,66.49573963898293,2,255,7.694672583276905,-2.4692602157592773,70eb6d92bf0c7e35e0d55e17d00629fa.jpg
131.25492191314697,76.239659700127,0,255,128.10316562652588,68.21935937622058,1,255,-8.020300323906426,-3.1517562866210938,6a956ce4e56235dd8de081a965a36c2a.jpg
142.6499538421631,82.35182244507065,0,255,135.11462211608887,82.39271574628036,1,255,0.04089330120970658,-7.535331726074219,56dd85ec693c65d811902a9054610f8b.jpg
142.48482036590576,60.529064687577836,0,255,139.74772930145264,63.088025533646096,1,255,2.55896084606826,-2.737091064453125,68eb45dbf790f2f829d8c6a8690b0d25.jpg
162.4181432723999,70.23819436618581,0,255,156.24323654174805,70.49889747645965,1,255,0.2607031102738375,-6.1749067306518555,93b19937892c90a3d062674c7c554765.jpg
106.36163806915283,61.24553352758872,0,255,114.2216329574585,67.7336292527437,1,255,6.488095725154977,7.859994888305664,035480fbf46e946e21e7dce78637c329.jpg
137.45526599884033,57.37250469875307,0,255,141.39187812805176,59.68888258838338,1,255,2.31637788963031,3.936612129211426,cea1568b0614b071775567674391519d.jpg
141.21943283081055,81.4242526556865,0,255,138.46265983581543,80.55056352272156,0,255,-0.873689132964941,-2.756772994995117,a458bca92aaba1cea1793c8e1cfde5f3.jpg
107.64560127258301,44.568834199413224,3,219,124.2300386428833,52.180593951366326,1,242,7.611759751953102,16.584437370300293,8e8f6687544bfcd254e60e5e28b260d6.jpg
127.95388412475586,63.677535216359466,0,236,129.04249477386475,64.90946730958713,1,249,1.2319320932276625,1.0886106491088867,b117813585c3d832d90eabc3cce04721.jpg
157.89348030090332,74.92449624792287,0,255,151.42274475097656,75.81775554423847,0,255,0.8932592963155912,-6.470735549926758,f40c08b38fce6f2b77c6019d34521357.jpg
100.80802917480469,64.72502381408515,0,255,112.7155294418335,70.24949316311445,2,255,5.524469349029303,11.907500267028809,c772fcde08c1e9cb49ab6c11b8fe6e42.jpg
168.55066299438477,50.390243709372655,0,255,151.987717628479,59.644655589187295,1,255,9.25441187981464,-16.56294536590576,23f29ee2101fa421afeb84cf923ee9b6.jpg
148.33140182495117,74.66214117941296,0,255,140.3747911453247,74.99865678985853,0,255,0.33651561044557354,-7.956610679626465,e0c85d5a6ff74851b3b1ebdfceca5f48.jpg
132.49762153625488,74.93265020836645,0,247,131.65659427642822,70.97453723972407,0,252,-3.958112968642382,-0.8410272598266602,f8418a411444f8ea00f9b3affe70a758.jpg
163.6418228149414,70.20496556175404,0,255,156.9982042312622,70.6026679970697,1,255,0.39770243531566507,-6.643618583679199,f89667b79d3858d6064f49b5fb203800.jpg
156.11432647705078,48.35476782467932,0,255,148.75991344451904,53.43396115949316,1,255,5.079193334813837,-7.354413032531738,1bbd7232924e951e7fa87ffa0f62ec3d.jpg
134.4388427734375,65.29812814466679,0,245,133.30104541778564,65.75119046699294,1,253,0.4530623223261472,-1.1377973556518555,b55a0fc49ba34ddf21e50dde0f11edca.jpg
123.66545963287354,63.858491330045524,0,255,123.28799629211426,69.08385134823364,1,255,5.225360018188113,-0.37746334075927734,a6bcb9f5d59588d699c5aa83cd3039c7.jpg
116.83623600006104,66.1114541701478,0,255,119.92680549621582,71.50323359187874,2,255,5.391779421730945,3.090569496154785,bee427b74f77002c1a4faa71e65d5744.jpg
168.81057167053223,50.73184226775545,0,247,155.23312950134277,53.479253066738785,1,251,2.7474107989833385,-13.577442169189453,269fe47164da086b729babc8225ea116.jpg
132.8103322982788,61.92355001503662,0,225,134.97244548797607,65.00968132449297,1,249,3.0861313094563556,2.1621131896972656,04d3efc7a608c4d58edb8c1b7f90a708.jpg
133.60061264038086,79.82811999059182,0,255,128.75836563110352,80.1189470466619,0,255,0.29082705607008563,-4.842247009277344,9074b5859c254e4cc0d1ae9781cfcdf1.jpg
164.08695888519287,67.96012458058442,0,255,160.86426734924316,68.78040617695845,1,255,0.8202815963740306,-3.222691535949707,8be5bfabd547e1ef91f0b0b7b4d597d4.jpg
138.12142753601074,86.22279655977789,0,255,134.78742599487305,84.08856035039616,0,255,-2.1342362093817258,-3.3340015411376953,4fa30afdf5d4bbfcfd9071e2a56e7a4b.jpg
158.3588809967041,77.79655527304898,0,255,149.29675960540771,77.10076472098463,0,255,-0.6957905520643521,-9.062121391296387,ba5e3409250a85483d6e39be759bc102.jpg
160.6496820449829,68.06497313262486,0,255,146.5377607345581,67.96886737586196,1,255,-0.09610575676289557,-14.111921310424805,bbc8cca2bda1c6bc5b66715a12830d78.jpg
128.92138385772705,90.48418714241735,0,254,121.37844944000244,87.133395190194,0,255,-3.3507919522233607,-7.542934417724609,b4faf90679534ac80ab9113365203dc0.jpg
155.63587856292725,73.67387813079156,0,255,148.44921016693115,72.84211116461583,1,255,-0.831766966175735,-7.186668395996094,144b76b191aa1e02065903ee1cc3d578.jpg
151.88429832458496,68.98170342524963,0,255,137.2362985610962,69.66765028949924,1,255,0.6859468642496012,-14.64799976348877,e31be972e181987a8600a8700c1ebe88.jpg
116.19973850250244,71.66421167479878,0,255,121.51665782928467,73.11266390460528,2,255,1.448452229806506,5.316919326782227,7d3f19498c5e7a48a14376c3e170c68b.jpg
153.9974880218506,59.85839576394965,0,244,146.53095817565918,62.49598179706908,0,252,2.637586033119426,-7.466529846191406,5de91fab780d937e6cba46c4e807bb12.jpg
135.39063358306885,47.104631549845344,0,255,141.8136625289917,49.0403989417575,0,255,1.935767391912158,6.423028945922852,9f2360f56f61751a254678ec0adbc77d.jpg
122.06910037994385,62.11376480188779,0,255,125.93858242034912,68.44968525057249,2,255,6.335920448684696,3.8694820404052734,b87b691b9ceeaf0c9539b2844be6e1e1.jpg
168.5979356765747,50.228769749064114,0,249,156.18429279327393,55.065041727721656,1,253,4.8362719786575425,-12.413642883300781,6dd1a29dcafeb9545da50d85324bb781.jpg
122.62299919128418,67.29652001382146,0,255,128.2539176940918,70.03850219915088,0,255,2.7419821853294195,5.630918502807617,314517b694426a160b93fcdf447fa355.jpg
156.21666526794434,58.389549793169365,0,255,149.8640842437744,59.38541177759485,1,255,0.9958619844254812,-6.352581024169922,87545bddfd34ccf9d27c19a482f5a409.jpg
149.46751308441162,81.5406567863982,0,255,143.5139617919922,80.57868757955457,1,255,-0.9619692068436336,-5.953551292419434,66728ec6afc52c3ebc77242449757162.jpg
128.40771389007568,65.6854251317223,0,255,129.73344802856445,70.31545708248474,1,255,4.630031950762444,1.3257341384887695,412c4d81ec9510492343169ea6fc6a68.jpg
145.8850326538086,70.1685918709295,0,250,136.29786109924316,69.738015892327,1,254,-0.43057597860250496,-9.58717155456543,80caa435b6ab5edaff4a0a758ffaec6e.jpg
165.6108751296997,64.54431542901443,0,255,158.7044382095337,66.86049580935834,0,255,2.3161803803439085,-6.906436920166016,323029b8a64431ac83ea6c71804f42c9.jpg
129.5924472808838,67.2031031200459,0,255,131.03356838226318,69.55412140177411,1,255,2.3510182817282157,1.4411211013793945,393909c0d12d67fd08703d36970014e8.jpg
141.8094654083252,62.688957365474074,0,255,139.0494260787964,64.81471923585616,1,255,2.1257618703820853,-2.7600393295288086,033e1637bed9b9f3dccac9c6c419adc2.jpg
151.72372436523438,62.50084926832137,0,255,146.69272232055664,62.19836479550985,0,255,-0.30248447281151414,-5.031002044677734,9071e5009f5db86b4c0dd0f6280b2c7a.jpg
147.013352394104,78.0353607821436,0,255,137.94134426116943,77.98554687217991,0,255,-0.04981390996368873,-9.07200813293457,51df5eca07ab2ddb3be2eeee9a52c605.jpg
105.67157173156738,52.51572038633162,0,234,124.03647518157959,54.03506692701779,0,250,1.5193465406861648,18.364903450012207,b720e511bfdfb393b77a26c29fc8cd91.jpg
123.52583026885986,68.66450614329916,0,255,126.75015544891357,73.67614600688374,1,255,5.011639863584577,3.224325180053711,b934b20d2bc6a9ad44b46aef2776268b.jpg
164.62383842468262,53.85996963429647,0,245,151.38264656066895,58.14767971108201,1,251,4.287710076785544,-13.241191864013672,d7bbb290f6691900ee45ea1ed1d5787f.jpg
151.27735805511475,65.71852816802854,0,255,150.46735286712646,68.29235307094937,2,255,2.5738249029208333,-0.8100051879882812,b6e15b40a6370f847f1cb97f73528068.jpg
162.1510763168335,72.47053101401319,0,255,155.5801239013672,72.52962679321023,2,255,0.05909577919703679,-6.570952415466309,f06d2ac151719fe4d2cf5546a9dbb734.jpg
111.32228755950928,67.07549776521203,0,255,115.97422885894775,72.1844939466281,2,255,5.10899618141606,4.651941299438477,826ef40d8bd63f54f66cc620ad52c8e9.jpg
121.99376392364502,71.49825267538891,0,246,121.99074077606201,68.99249155616012,1,254,-2.5057611192287936,-0.0030231475830078125,ceb5e06ea1a66fedab43e8bdb51890eb.jpg
142.3982753753662,54.8384232279318,0,255,137.3731861114502,62.66728687102049,1,255,7.828863643088688,-5.025089263916016,91dcbfac33b20bb82e9641211b18f53b.jpg
147.56599044799805,83.12474207859579,0,253,140.69329738616943,81.70785172699645,1,254,-1.416890351599335,-6.872693061828613,5448e1c9dcfbf590e62b7e862754fbac.jpg
106.74165439605713,72.26156831458185,0,255,112.42333030700684,76.02727427103554,0,255,3.7657059564536866,5.681675910949707,6072a9325dcf5318517a0696040a9dcc.jpg
141.3251075744629,66.04373923775046,0,255,140.48119735717773,69.3332472607981,1,255,3.2895080230476452,-0.8439102172851562,2a364dea24600221fb6208567bda008b.jpg
178.56121730804443,59.897472125733415,0,255,163.86675834655762,64.0120852375626,2,255,4.114613111829186,-14.694458961486816,719182f814fc1a742e0fbc1a751f6af7.jpg
133.6621618270874,49.837852757356586,3,239,137.02177238464355,55.882402863572786,1,251,6.0445501062161995,3.3596105575561523,bdd7f0b920e6c5ea82526986ffb63001.jpg
158.83208751678467,65.45446541983925,0,255,152.55652523040771,68.11385041221915,0,255,2.6593849923798984,-6.275562286376953,d91079b185012d745fb4c1aa0e04d3b9.jpg
126.60360717773438,67.13343993901547,0,255,128.60301971435547,69.16025472939346,1,255,2.0268147903779834,1.9994125366210938,9e90a23fb8d5ce13eb766d538afcafea.jpg
119.09976577758789,55.570100771209276,1,255,129.54791450500488,57.4103074043554,1,255,1.8402066331461242,10.448148727416992,d4b3527d37d04d52eef04650b7c45c1d.jpg
127.65595722198486,62.152771879574274,0,255,132.3809289932251,66.10262373847095,2,255,3.949851858896679,4.724971771240234,59463dec11bd9627f875e0372d9ce1e2.jpg
99.63570404052734,59.30868078911487,0,255,112.38347911834717,65.28995377636195,2,255,5.981272987247088,12.747775077819824,da8a1f7ff197b044c9080c8ad34b1df2.jpg
148.88349723815918,56.11008810730219,0,255,143.19724941253662,60.39096740946743,1,255,4.280879302165239,-5.686247825622559,1caa3fd2d741bbb50cc3fdcc32b6f0cd.jpg
122.82967376708984,60.98656642247593,0,255,126.16139316558838,65.47269945236259,1,255,4.486133029886659,3.331719398498535,9c9d6d92f17ef2b3145ad8743e11b194.jpg
124.72487831115723,78.28235787919675,0,255,123.61449527740479,74.58593356209421,1,255,-3.69642431710254,-1.1103830337524414,6c08a98e48ba72aee1b7b62e1f28e6da.jpg
134.58598041534424,62.65074209049048,0,255,137.92962169647217,64.93164448257836,1,255,2.2809023920878815,3.3436412811279297,d6d2896d8c4e3cf8b74fc981e7218678.jpg
153.00370979309082,81.33534842488525,0,255,148.10570335388184,81.40651235733182,0,255,0.07116393244656649,-4.898006439208984,321c111713c3ee5385db0effb54ff568.jpg
164.13785457611084,74.10103722889625,0,255,159.4592523574829,72.62075529957174,1,255,-1.480281929324505,-4.67860221862793,52d44d46feb0f3aa85e55476860b3ba7.jpg
138.69305324554443,71.04960987833911,0,255,138.20915985107422,74.5037303545007,2,255,3.4541204761615916,-0.48389339447021484,7339f20488fdc162a8b06c2d8c887277.jpg
117.31605052947998,65.18688747236278,0,232,123.40340614318848,65.47411507918211,1,252,0.2872276068193287,6.087355613708496,fe9ae553a2fa76cba207ebd4b9b0cddb.jpg
154.09880542755127,71.66353862084782,0,255,144.6171932220459,73.53974048180783,1,255,1.876201860960009,-9.481612205505371,6cde3166d972c7b9ceff0e6099d4e374.jpg
113.3558406829834,80.1828307851476,0,255,113.75748634338379,74.96189844757568,0,255,-5.220932337571924,0.4016456604003906,1b6b4e0d7f5f7d7ad2bf8b70783244be.jpg
124.57687282562256,57.52459382823656,0,246,127.74960517883301,60.806031315991206,2,253,3.281437487754644,3.172732353210449,8c000de5f90b8dd6ed6f77923874c20e.jpg
150.14595413208008,60.14975213640943,0,255,145.32547760009766,62.810039235974315,0,255,2.660287099564883,-4.820476531982422,f3fc4e540d940916de69e6a7e928cead.jpg
162.32877731323242,68.32252642929906,0,255,155.15314292907715,68.31778793601332,1,255,-0.0047384932857426065,-7.175634384155273,21bdb7a46e19c697209064855102859e.jpg
116.8675765991211,66.47631170389822,0,251,125.12759208679199,66.65216948644006,1,254,0.17585778254183992,8.260015487670898,bcd6064c48c99c6557d0876ec2e47883.jpg
125.57510471343994,54.27819194780569,0,255,124.47215938568115,61.62273194856623,0,255,7.344540000760546,-1.102945327758789,a340f6b48cac7f561fd07809cb4bed96.jpg
151.03912448883057,47.798416077114695,0,255,150.33950805664062,56.83774180592059,1,255,9.039325728805892,-0.6996164321899414,26697f6b3b73c564a0dd92b2fa1a8b0b.jpg
150.2032117843628,81.51860143042607,0,255,147.19385242462158,79.68123963428872,0,255,-1.8373617961373583,-3.009359359741211,330b3939ea1fe042ad347e8d02abc393.jpg
125.31147193908691,78.2871633684245,0,255,126.89803409576416,79.0331712983686,1,255,0.7460079299440991,1.586562156677246,7d6b2982de91c0a900396745c79f3c39.jpg
174.3492431640625,45.164501076373426,0,248,158.88628387451172,51.99646430181337,1,253,6.831963225439942,-15.462959289550781,c20ca4cd7589fa3a77578769bf82ea1b.jpg
163.8742094039917,69.26445571937936,0,255,160.04018115997314,68.34351879474748,2,255,-0.9209369246318744,-3.8340282440185547,e4b3710c1d18a0fe70a8eb0bfc5de2cc.jpg
121.8196153640747,61.54243047441729,0,234,125.57712459564209,64.8566872128783,0,250,3.3142567384610118,3.757509231567383,959e5d96df8e3eaa7eed10f8b0b3d08c.jpg
123.93249988555908,60.365345417209184,0,255,127.5746898651123,63.31440072582797,1,255,2.9490553086187887,3.6421899795532227,112cf0367dd8b6aa14b4e384439d9eb7.jpg
159.15423202514648,50.846438823706855,0,255,151.7770538330078,55.11186569150684,1,255,4.265426867799988,-7.377178192138672,1066a058b5bae597f2dbb33780c2577d.jpg
136.84827613830566,63.541987974924645,0,255,138.59103775024414,67.51890287653954,0,255,3.9769149016148972,1.7427616119384766,f9ba2d912ef79893510ff58bafa70558.jpg
127.52353191375732,59.85263149679646,0,231,132.44547939300537,61.071324479892944,1,252,1.2186929830964814,4.921947479248047,fd810298e165ef0b9a88bb25fda7a34b.jpg
146.60455513000488,77.82801193111379,0,255,141.92702388763428,78.31972934143096,1,255,0.49171741031716465,-4.6775312423706055,8ac9d40920ef54d20f860195073a1d2a.jpg
149.5086269378662,57.50702680659275,0,255,145.7972536087036,63.415924779049284,1,255,5.908897972456536,-3.7113733291625977,bd24133a5c72fdd62ad820445627b718.jpg
154.0832986831665,63.63745063772734,0,255,150.72010803222656,65.00199837962408,2,255,1.364547741896743,-3.3631906509399414,920cbb3a89aba24738b16fd78fc79196.jpg
123.61901473999023,57.39403221127036,0,255,128.49145603179932,59.3163104382293,1,255,1.9222782269589445,4.872441291809082,f1ba5da6f133d329f7ab9bb241fc0b7b.jpg
142.99397563934326,56.954743563571625,0,255,136.86852264404297,62.504171247568536,1,255,5.54942768399691,-6.125452995300293,b06c6e447980a2561175026ad10ae04d.jpg
125.88678073883057,63.771207907425435,0,255,128.88488006591797,65.86391808633347,1,255,2.0927101789080353,2.9980993270874023,18a3dd5dcbabc9484be39f9f2f6c0756.jpg
144.28536128997803,53.21191152954471,0,255,140.17458629608154,62.237201003099614,2,255,9.025289473554906,-4.110774993896484,a79d59f6ca2b10cf2d51ed7ecbbb8bef.jpg
100.76835250854492,64.79524291691372,0,255,110.67335987091064,71.71517225641831,2,255,6.919929339504591,9.905007362365723,f2e56bf4b304000674dde626b3335ca7.jpg
133.86985397338867,63.18637705205631,0,245,137.6674404144287,64.23674521533869,1,252,1.0503681632823785,3.797586441040039,f13e10ca4f8d95667e05156f2f51d095.jpg
127.2477912902832,65.5288208815311,0,255,130.53175163269043,67.7275824311176,1,255,2.198761549586493,3.2839603424072266,fee7f5490aee6eb6626adb30d2509868.jpg
126.44532775878906,68.52704972955897,0,255,128.37778186798096,69.88920369150287,0,255,1.3621539619439034,1.9324541091918945,ce371ba7a1fb344e711357b2a55c8754.jpg
196.17848205566406,76.2508741405367,0,255,190.55176162719727,76.0180756793805,1,255,-0.23279846115619307,-5.626720428466797,44ff83f86f81c54ed2540ccddcc68263.jpg
139.12338638305664,74.36715708353015,0,255,139.04851055145264,74.85840851724595,1,255,0.49125143371580293,-0.0748758316040039,393407def518a76fc2b7e8dbaeafa0ce.jpg
149.50691413879395,58.75931463765442,0,255,144.67419910430908,63.85406036414287,0,255,5.094745726488448,-4.832715034484863,897a9061820965f894abf66586bef0a5.jpg
107.86672878265381,68.3799613325215,0,255,113.13739585876465,71.06706156976372,1,255,2.6871002372422197,5.27066707611084,d1dbddfd0d130d400e81deeef783007a.jpg
115.49713897705078,49.23574440199122,3,229,127.00574207305908,53.10836630704309,1,245,3.872621905051872,11.5086030960083,8cc5ee4cf5c697d98d7c85951aa4f8d7.jpg
129.150559425354,69.0371114728664,0,255,131.52843379974365,69.27766744547816,0,255,0.24055597261175876,2.3778743743896484,b11960f23db725bb4ba6f6741586a5f7.jpg
120.1770429611206,67.35696556341681,0,255,124.19446086883545,62.97553126975081,1,255,-4.381434293665997,4.017417907714844,4ef589fee1b30a47d9955e4613cf901c.jpg
117.9222059249878,57.53037091052501,0,255,130.81271266937256,61.9066164761889,1,255,4.3762455656638934,12.890506744384766,d6b38dc0d4cb99ead6ff30cc999f17ca.jpg
134.38884449005127,64.7053273446433,0,255,136.8410930633545,68.24312904881579,2,255,3.5378017041724945,2.4522485733032227,33911feed1282c67d5096d50d9070592.jpg
177.38611125946045,46.77407974908554,0,255,162.45385074615479,50.77474023771747,1,255,4.0006604886319295,-14.932260513305664,01c2b9fcb0384c84648ed76c736552a8.jpg
118.99347305297852,39.03507376211243,0,255,127.20237636566162,49.93571023341576,0,255,10.90063647130333,8.208903312683105,45398cfbf0d0f364c24b5d4458df4c8e.jpg
142.93695068359375,82.83376486449812,0,255,135.4014129638672,81.79888006755587,1,255,-1.0348847969422508,-7.5355377197265625,d59d5dcc1601a29509f91dab5f8550bc.jpg
138.760591506958,52.98090554238878,0,255,140.7084150314331,55.81300564960808,1,255,2.832100107219297,1.9478235244750977,271f9008a6ac0c2fbed2ee6d40ff8750.jpg
121.49435329437256,57.54433508736071,0,255,125.27597522735596,62.54640494529188,2,255,5.0020698579311755,3.7816219329833984,ddec878b93cd18918c2b81bca339a5e9.jpg
144.4494867324829,77.19220223541069,0,255,136.80280780792236,77.81916402675381,0,255,0.6269617913431205,-7.646678924560547,a7edba318fa3305ec4118eb7e0091140.jpg
107.71956825256348,71.053876623176,0,255,111.5652666091919,77.03352934677565,2,255,5.979652723599656,3.845698356628418,292cf1b34afba18402da0662070919cf.jpg
141.57730388641357,54.51030885529717,0,255,135.7152500152588,61.23571636314544,1,255,6.725407507848274,-5.862053871154785,21d5465ffc737f2c94f66cc5b740614e.jpg
131.912446975708,70.25113207428957,0,224,137.95870113372803,70.8546360945661,1,249,0.6035040202765316,6.0462541580200195,316ce67a6c95d104d5864cf2f30786bc.jpg
130.39882373809814,55.744790283764665,0,232,133.2836208343506,58.53889038053399,0,248,2.794100096769327,2.8847970962524414,77721a660a5784c2b244167443f1bc26.jpg
151.59444999694824,58.10632757589112,0,233,143.7910041809082,61.89531769510051,0,251,3.7889901192093873,-7.803445816040039,6fb55d54b54b05b50913b456d1b5d0cc.jpg
107.1896390914917,67.05247676548302,0,255,115.80455780029297,68.42157100032293,1,255,1.3690942348399062,8.61491870880127,cefc63f9ff49d9da82c49144f05a13cd.jpg
129.85547351837158,61.1623454494873,0,239,137.43161487579346,60.348485035341525,0,252,-0.8138604141457719,7.576141357421875,e2390bb5d4c550b82277f815a8e5fe9b.jpg
144.1108751296997,47.04066443570242,0,255,144.87287998199463,50.69572369353641,1,255,3.65505925783399,0.7620048522949219,7520d54e60d31f2310d1eb5c77a7507a.jpg
131.0801486968994,42.91589691717307,0,255,135.0662660598755,50.47523492304825,2,255,7.559338005875176,3.986117362976074,3cdcd43f230d185be9a3ea2463f348dc.jpg
166.90502548217773,45.821722808521784,0,255,157.49167728424072,55.60878214951914,1,255,9.78705934099736,-9.413348197937012,66a42146929520fe337cad37816f4384.jpg
116.50743865966797,64.08763391692777,0,244,121.98281383514404,65.37617911220481,1,252,1.2885451952770381,5.475375175476074,92e9e7ccc49692f0c6fa6917d7289f6f.jpg
125.39360046386719,61.98352948127997,0,238,129.9872922897339,63.50102926658961,0,252,1.5174997853096386,4.593691825866699,8a81e64b8258068648760ba016d0d3a6.jpg
117.58194065093994,59.629053994297685,0,233,125.36126232147217,64.2985773826393,0,251,4.669523388341609,7.779321670532227,9a51be5f7bf1078ac8972a14de31c515.jpg
143.19705772399902,59.11439888468014,0,234,140.05162811279297,62.776768974471366,0,250,3.6623700897912244,-3.1454296112060547,e9e1a8854e0bec89e37445f9cbf7bb95.jpg
140.56802082061768,62.771586838280506,0,231,140.92508125305176,64.84599927955026,0,248,2.07441244126975,0.35706043243408203,ce2c5376b597eb067395da4c7f9960aa.jpg
124.9801082611084,71.27072124060402,0,248,125.25128650665283,70.49343215680308,0,252,-0.7772890838009374,0.2711782455444336,48f3a35fcd6c76d5d0ee2d475b3f1f51.jpg
107.44826793670654,35.62156323093746,22,255,119.41112804412842,48.545295742304766,9,255,12.923732511367305,11.962860107421875,55e39b1282cde6796b82c6b5019a1fb8.jpg
143.0902557373047,59.42681723137911,0,255,140.3252878189087,65.47336126145609,0,255,6.04654403007698,-2.764967918395996,ab39f5256d8cd84c1704757c4ae2b49c.jpg
144.31866455078125,58.29092904603868,0,255,147.97907257080078,60.77670889921748,0,255,2.485779853178805,3.6604080200195312,ab51ed37f90ea78c93f1e92aa8a9d749.jpg
133.69775104522705,61.88269883577935,0,255,135.7151575088501,64.3021796968655,0,255,2.419480861086143,2.017406463623047,52e2c09b396b3591287d7040a9df8177.jpg
159.24787044525146,62.34479019516986,0,255,148.58845043182373,66.18208014502495,1,255,3.837289949855098,-10.659420013427734,7d0cc84e9002c1eb219559540c014e7a.jpg
149.07140731811523,60.4382397966809,0,255,141.8172435760498,64.76944337385878,0,255,4.331203577177881,-7.25416374206543,6aee48100cc84e8ce9fa362fbac6113b.jpg
146.36355209350586,55.21309459400936,0,255,149.5893793106079,56.20403438831745,0,255,0.9909397943080904,3.225827217102051,01ee6e560f083255a630c41bba779405.jpg
158.45171070098877,70.2059510139759,0,255,147.39470767974854,71.96374211375453,1,255,1.757791099778629,-11.057003021240234,38d59aef0ecbc73f365767bc09692283.jpg
145.51218700408936,74.67252745813114,0,255,139.85036087036133,75.96141376747217,0,255,1.2888863093410237,-5.661826133728027,bd3fe876153eeddad8bab49b129ea081.jpg
107.09399318695068,72.07302678401476,0,255,111.6375093460083,70.84963014909201,1,255,-1.22339663492275,4.543516159057617,768db39e794f0d37d296c418e50d8126.jpg
130.79497146606445,62.32723642128899,0,255,131.70682621002197,69.36628146660688,2,255,7.039045045317891,0.9118547439575195,2461ca359068b06237e93aae140a25f3.jpg
82.3675184249878,52.526641117560295,0,213,104.46220588684082,55.24394657424401,0,234,2.717305456683718,22.094687461853027,4a24da485b9550c8df8b19caff945cdc.jpg
147.35640811920166,76.02583438450098,0,255,139.97021293640137,76.68042652012781,1,255,0.654592135626828,-7.386195182800293,25a73bf0f701b9275c74fc23aa30e681.jpg
95.02417850494385,45.19499534821267,1,224,113.72699928283691,53.6960471215812,1,244,8.50105177336853,18.702820777893066,61d9e4505c1f8391ce055d3ce793a899.jpg
129.53370761871338,62.49503323926689,0,255,131.51096630096436,64.71906074437175,0,255,2.224027505104857,1.9772586822509766,06f3c1a8441d61da08aac07558ab5f05.jpg
150.30000400543213,66.19500220642144,0,247,143.3092451095581,66.37893165837833,0,251,0.18392945195689947,-6.990758895874023,25b123c53b8d9f39e9e29e4ee34c9906.jpg
159.40951251983643,61.609833143352354,0,255,148.53166007995605,65.49020173370604,1,255,3.88036859035369,-10.877852439880371,b6d81cd3e996c836eeeadcc896afdfe4.jpg
158.2506618499756,49.98159447976821,0,255,148.93986320495605,55.49705947693213,0,255,5.515464997163917,-9.310798645019531,da9778a74d1eb6016acd497948eae1d1.jpg
113.6510124206543,74.56765638100677,0,255,122.96845817565918,77.2654742497174,1,255,2.6978178687106293,9.317445755004883,5f39b234c96c89da0f9db28c873b75b1.jpg
140.28092575073242,64.6677775748498,0,232,139.65314865112305,66.56698112028263,0,251,1.8992035454328402,-0.627777099609375,2583527ca7c4a6e278fb4506ba8637ab.jpg
155.43442058563232,77.63624032153822,0,255,148.58579540252686,77.25795352810322,0,255,-0.37828679343500937,-6.848625183105469,0dc7b1615100b4f5d3ae294bae0d5d43.jpg
165.98698043823242,70.70456677905159,0,255,155.8322696685791,73.82120282325153,1,255,3.116636044199936,-10.15471076965332,f9d48a25ddad7cb044c500cb7266455a.jpg
100.60573673248291,63.79739174616987,0,255,110.9592638015747,71.52502010944703,2,255,7.727628363277155,10.353527069091797,c42b5e8105ed48a96bf7273e25f2a047.jpg
120.49721717834473,65.52958877109424,0,243,124.11205005645752,64.64865707795511,1,253,-0.8809316931391322,3.614832878112793,2ad18a594cbaf3c6d6145a7775829554.jpg
124.21104145050049,68.3670546398059,0,254,125.37715816497803,70.57444482914065,1,254,2.2073901893347454,1.166116714477539,010018c93ed33ae56ed048ee54867e46.jpg
143.6108694076538,66.22726896089985,0,242,140.23260116577148,65.85565454928054,1,253,-0.371614411619305,-3.378268241882324,fb31baa6cb3084cb283c11ee81c32f22.jpg
143.90600204467773,76.3048216509031,0,255,138.08472061157227,76.36859908032281,0,255,0.06377742941971576,-5.821281433105469,f97b35befd831df48967fda3cef13c12.jpg
122.28643321990967,57.107180678363214,0,255,126.39426231384277,64.27339238159625,1,255,7.166211703233039,4.1078290939331055,3a57be55d3cf1302f582fb95c86e9446.jpg
126.73739433288574,85.64337936829104,0,255,126.09037113189697,83.90077628264847,2,255,-1.7426030856425712,-0.6470232009887695,414615baf78e32f3405cbcf5b742895d.jpg
148.9214391708374,73.28436794126979,0,255,142.56133937835693,74.38945885344982,0,255,1.1050909121800316,-6.360099792480469,f5de538719c1a637e84474ea30a4e515.jpg
125.23241519927979,67.85190341231849,0,255,127.73251819610596,69.48303115016006,0,255,1.6311277378415667,2.500102996826172,73bc384e1f0ca88f3bcb2b5c6a8584f1.jpg
108.40032005310059,44.10145981866483,0,255,118.34620094299316,48.15785537238162,1,255,4.05639555371679,9.945880889892578,0b98b21145a9425bf3eeea4b0de425e7.jpg
150.2571897506714,53.18345934513943,0,244,143.23921489715576,60.34226253445317,0,251,7.158803189313737,-7.017974853515625,f356caa9aae421a22704f79e158e4321.jpg
133.42592525482178,60.83935788385947,0,255,133.21643733978271,65.76394202596434,0,255,4.9245841421048695,-0.2094879150390625,ce2c97cafc1a2ef349e996e91abd554a.jpg
126.70641326904297,63.93662011453431,0,255,130.4389305114746,67.27506633681716,0,255,3.3384462222828546,3.7325172424316406,1d21c69075630b741fe0629e696fa167.jpg
169.12255001068115,46.308228134388884,0,244,155.92240142822266,55.29917898999512,1,253,8.990950855606236,-13.200148582458496,c629819adb86c5d0cfd7d454a64d508a.jpg
174.4728183746338,67.57705649719003,0,255,163.44748306274414,71.12417076443539,1,255,3.5471142672453624,-11.025335311889648,7aeae4110d509875a693b23aa17bd9ac.jpg
157.97699737548828,57.919565012645094,0,255,149.06642246246338,63.321952744863616,1,255,5.402387732218521,-8.910574913024902,e8e6ff19c3be05a4ccfb20abc4202d52.jpg
108.81610012054443,72.87007197103212,0,255,114.2070198059082,77.2757242263763,2,255,4.4056522553441795,5.3909196853637695,f59ccb89d776a68b79292bef810333ac.jpg
138.62228775024414,52.974901584016735,5,255,136.52919578552246,57.868898059341454,1,255,4.89399647532472,-2.0930919647216797,08ce56202e44175674fc5f5517e74db4.jpg
134.77538204193115,54.38129850680211,0,255,140.66587924957275,57.60145338878062,1,255,3.220154881978509,5.890497207641602,9233b2cb05dd9ae0902badc7482c5481.jpg
134.3543348312378,65.01218180547541,0,255,132.10017776489258,67.4054986361096,0,255,2.393316830634191,-2.254157066345215,3eaab50f6e8eb3229e752d546e41979b.jpg
167.22870635986328,44.58710330817257,0,255,154.39183616638184,51.73628108557446,1,255,7.1491777774018885,-12.836870193481445,70dc4cdf5377a5daa9628a456390ed93.jpg
156.73634338378906,54.42786780751562,0,244,147.83060932159424,58.94009324127823,2,252,4.512225433762609,-8.905734062194824,5bf3368744630f459a499ccdccc9cdf1.jpg
134.96640396118164,83.65665282923015,0,255,128.84517192840576,81.08586038606526,0,255,-2.5707924431648905,-6.121232032775879,e62c2f1897582761b9a5dbc7dbb1a930.jpg
114.56556606292725,66.04587918426387,0,255,123.55827808380127,60.58158371243868,1,255,-5.464295471825189,8.992712020874023,064023f1ff95962a1eee46b9f05f7309.jpg
96.00489902496338,46.3272757063751,0,216,114.0261001586914,50.273191762383604,0,238,3.9459160560085067,18.021201133728027,c69c8b15929c66d8756acc34fe456713.jpg
179.3345823287964,62.04440304851558,0,255,171.69136905670166,63.0241997041794,0,255,0.9797966556638187,-7.643213272094727,57415c4992802274b5a54930019c30f1.jpg
131.26190853118896,64.68549042900666,0,255,139.3271598815918,64.14337712207706,1,255,-0.5421133069296076,8.065251350402832,ca23e139746a14d9de312dc7271d84e4.jpg
135.94332695007324,63.07963645356282,0,255,134.66202926635742,68.84394094050303,1,255,5.764304486940212,-1.2812976837158203,58c96358e94c768b0eeb723bf985d575.jpg
137.04230976104736,65.17869713197373,0,255,134.55883979797363,70.87564942200075,2,255,5.6969522900270135,-2.4834699630737305,b42e930c16c0166dbeae813b47bb8b07.jpg
164.41811847686768,71.98796868291309,0,255,158.72572422027588,71.23107599657406,1,255,-0.7568926863390288,-5.692394256591797,ce51a9ef3a4afc873a483972c2264c2f.jpg
163.21030616760254,72.80333448926433,0,255,155.57513236999512,70.99975000875831,0,255,-1.803584480506018,-7.635173797607422,5a80ba9453fa7f5833b04190e6f7dbf5.jpg
128.66989135742188,45.946981257360335,0,255,134.66843032836914,54.522470821740626,1,255,8.575489564380291,5.998538970947266,f7dd175ca0962155ec39311b997a5288.jpg
99.14243602752686,52.40169017580314,0,233,116.20810890197754,56.3218720192881,0,252,3.9201818434849613,17.065672874450684,be965185f4128002ad591b91c41e0211.jpg
124.01562595367432,50.491624165585165,1,235,133.02743244171143,50.79594771061442,1,240,0.3043235450292556,9.01180648803711,7b5d44f6dd14787142deafbe64eb3b03.jpg
139.84713459014893,79.98952116316937,0,255,134.29237461090088,80.00088389426276,2,255,0.011362731093385037,-5.554759979248047,e443471026e11f9cdf418dca3f35017f.jpg
132.50811195373535,59.74100042744673,0,241,133.5532922744751,63.334627086215825,0,251,3.5936266587690966,1.045180320739746,55fb526d34d6a1397c64f537883fefec.jpg
165.56009483337402,69.56102191889626,0,255,157.14959049224854,71.15248739732101,1,255,1.5914654784247517,-8.410504341125488,d7eafe6a9ffafc052512cac5aa378efb.jpg
145.69100284576416,77.93605391199566,0,255,139.41882610321045,76.40458016922614,1,255,-1.5314737427695206,-6.272176742553711,1374c483d258203eadf6c6a525899d51.jpg
153.24208736419678,60.1809528933299,0,241,146.58791160583496,62.627419020574365,1,251,2.446466127244463,-6.654175758361816,c0b2806d0baff57d885063624d744ac1.jpg
121.98221111297607,52.20645310192307,0,255,131.1593656539917,60.336627604147765,1,255,8.130174502224698,9.177154541015625,8339682fa8a467c49ed7dc1fbaaee361.jpg
124.01131534576416,57.894660351861916,1,253,132.8768367767334,60.192757334012555,0,255,2.298096982150639,8.865521430969238,a0ed62efc8bf9e5053d18e250390b96d.jpg
158.1277208328247,54.01118842518612,0,242,148.2650022506714,59.18360739438002,1,251,5.172418969193899,-9.86271858215332,90d8e7b88a0d29d30f98e069b0e2cceb.jpg
124.80856513977051,76.535579974892,0,255,121.32381439208984,78.27966289177482,2,255,1.7440829168828174,-3.484750747680664,48e1b4c86146132c1e3b514ab99050d9.jpg
145.59087085723877,75.94614897634162,0,255,140.25879287719727,76.79573107548497,0,255,0.8495820991433476,-5.332077980041504,9209eb472d8c5200cbc8ad2015cbf1a2.jpg
151.0744218826294,54.72064062227648,0,255,150.60989952087402,58.05292567059821,1,255,3.3322850483217366,-0.4645223617553711,fb4db65bf21dfd88e154ab703136c69b.jpg
157.16607189178467,59.57802379814121,0,249,147.9610891342163,63.73981769548388,0,252,4.161793897342669,-9.20498275756836,edeef2dceeafd6d5ebe67880f2f9162c.jpg
157.12296295166016,70.43095294172342,0,255,151.68508052825928,72.69731019642064,1,255,2.266357254697226,-5.437882423400879,267d32594c86cba886ed0733e946c1df.jpg
153.21902656555176,60.74414458956536,0,247,148.40906047821045,63.57441049408259,0,254,2.8302659045172334,-4.809966087341309,91a12fbbe1ad5eb62cdf97edeb122280.jpg
103.25290966033936,67.61412766626138,0,255,107.51548099517822,74.35886348218655,2,255,6.744735815925168,4.262571334838867,f347a8de5e60079db066c440949b8395.jpg
168.06886291503906,68.76713790596466,0,255,159.19955921173096,70.21893188722099,1,255,1.4517939812563299,-8.869303703308105,3bf8346b7d5b0743713624143004772f.jpg
118.15516567230225,71.3753200134989,0,255,119.51087284088135,75.77087959380346,2,255,4.395559580304564,1.3557071685791016,7841614f51ed3dfd1c3177a52493c56b.jpg
97.30137157440186,44.811246423650736,4,255,113.1960678100586,51.834927186084066,1,255,7.0236807624333295,15.894696235656738,d1bcef094e9b8c86c70192220b8e1648.jpg
150.5167121887207,50.35400753206039,0,235,145.30511379241943,53.92864127511384,1,251,3.5746337430534467,-5.2115983963012695,319781be30659abddca9230f0bca5311.jpg
120.90988826751709,69.81885019812026,0,255,125.44269943237305,70.98654035911176,1,255,1.1676901609914978,4.532811164855957,ba8c1cd9bceb450054920b79af773650.jpg
122.90644073486328,70.56269072421121,0,243,124.57990550994873,72.49807033573389,1,252,1.9353796115226771,1.6734647750854492,ce5e76544b8c1d0ec34783b0f1bc471d.jpg
128.47072505950928,71.84722912772101,0,238,131.02526760101318,72.14256988630213,1,253,0.2953407585811192,2.5545425415039062,ae3382840414ce4de46c3827674b9709.jpg
125.21390056610107,62.546714986657896,0,255,126.69757461547852,69.41098226224936,1,255,6.864267275591466,1.4836740493774414,3cf29ab62dd4b9866c7e055c59098d3e.jpg
91.76260662078857,39.69985632417706,2,188,110.86802291870117,49.882976266620894,1,229,10.183119942443831,19.105416297912598,30d70dcb9b7a5d7e9028326954feaa35.jpg
125.84651279449463,87.92394098544167,0,255,122.56472587585449,86.72155063845092,1,255,-1.2023903469907538,-3.2817869186401367,e8acde7bd3c521671dae97d0a75cdde0.jpg
125.18869876861572,54.88548505467225,0,255,132.42743396759033,59.22826375006036,1,255,4.342778695388105,7.238735198974609,ee53128143074612b8b482d5450aaef2.jpg
150.3963565826416,76.55120492407156,0,255,146.31286907196045,74.8354902960821,1,255,-1.7157146279894562,-4.083487510681152,0eac4cf8618d5e582c336217d0291f25.jpg
124.7653455734253,60.87269252323785,0,255,131.41841888427734,60.65496133971353,0,255,-0.21773118352432164,6.653073310852051,82f62718d5385a45eb2b328b3a90fbdd.jpg
156.1030397415161,70.57945007385035,0,255,147.29335021972656,73.12212663187606,1,255,2.542676558025704,-8.80968952178955,b3d1eabc4bb5b66d92f3fae7ddb67b29.jpg
127.43126678466797,60.33077900077173,0,255,129.9343147277832,63.74577090025584,0,255,3.4149918994841144,2.5030479431152344,e6e1f33532a2f3f93d17d2be963cd122.jpg
164.24803638458252,51.14091376891851,0,244,152.17142581939697,55.03488172059628,2,248,3.893967951677773,-12.076610565185547,2a2d24f9e9397ea669cf6ec9f850c367.jpg
159.4272747039795,72.96639642364028,0,255,151.06703853607178,72.78579555238187,0,255,-0.18060087125840596,-8.360236167907715,5673fae597c1b5218f79eead1f413da6.jpg
118.25419330596924,70.71056489568862,0,249,121.30657196044922,69.75276192389954,1,251,-0.9578029717890786,3.0523786544799805,87f7997c901c0026e338e6f6d79b385f.jpg
142.17215156555176,60.30489229622239,0,255,146.09592723846436,63.505894169379765,1,255,3.2010018731573737,3.9237756729125977,73a09e14492d3c6c579a48507303431b.jpg
149.99117279052734,75.25912246852023,0,255,143.95610809326172,75.271627454351,1,255,0.012504985830773307,-6.035064697265625,9300415e9ac5678a968ea7b751c8c8ea.jpg
140.42595386505127,84.96727387939977,0,255,139.352201461792,80.30661965586154,1,255,-4.660654223538231,-1.0737524032592773,e4e6a45ca9bfadf6a01e7e451539441a.jpg
124.91302394866943,72.49279257824891,0,255,122.0756893157959,76.40892120149041,2,255,3.916128623241505,-2.837334632873535,011ae9520e81f1efe71c9d954ec07d09.jpg
123.77795696258545,38.95053970861138,0,255,129.75055313110352,47.86851594684843,1,255,8.917976238237053,5.972596168518066,902d77e0d68673b7f8d12a3ab1483b95.jpg
108.21634197235107,63.93106910087926,0,236,116.06957340240479,64.76391989097426,0,254,0.8328507900950015,7.853231430053711,b88d596bf6fd4664434f6525ac632f74.jpg
137.7676649093628,64.21019161243956,0,255,137.2451000213623,67.85177457890836,2,255,3.6415829664688033,-0.5225648880004883,a5c7b10a238b041fc8d10afd9cc12569.jpg
142.72523307800293,34.966440157626835,0,255,141.8860902786255,45.364700948522966,1,255,10.398260790896131,-0.8391427993774414,a673c55470f775d286249e189896c376.jpg
125.05149269104004,67.57795539757868,0,255,124.9638671875,73.18990568251617,2,255,5.6119502849374925,-0.08762550354003906,ecae6af88e3b859c906e9b149a422b3f.jpg
122.12250232696533,71.60370812969121,0,255,122.39748573303223,75.64563052619067,2,255,4.041922396499459,0.27498340606689453,924eb4734344e5808df5d15855d68178.jpg
138.58148670196533,65.99577171601594,0,255,141.55503463745117,68.41336552376232,0,255,2.4175938077463854,2.97354793548584,15a12089e9c773cb200ee8959740e1b3.jpg
176.4911346435547,60.72684255270748,0,255,167.6523380279541,64.0035711262798,1,255,3.2767285735723135,-8.838796615600586,53b894bd3ec511ae4bec7b5b47ce260a.jpg
122.82487869262695,71.26182111972828,0,236,124.6191520690918,69.3741574701267,1,252,-1.8876636496015777,1.7942733764648438,7ea14022f825d9bd869b05c7f10831db.jpg
128.4576768875122,58.08782667559139,0,255,124.47962188720703,62.77455054471646,0,255,4.686723869125075,-3.978055000305176,f24f5cb1232f59b8688e655a48127b43.jpg
112.51611804962158,69.25786884364581,0,255,116.77520942687988,75.51655701872694,2,255,6.258688175081133,4.259091377258301,7c6bf9b40c9b53c6b49b00c0fa1e61e5.jpg
156.20352268218994,59.78275841897554,0,255,147.26650524139404,64.26271674807502,0,255,4.479958329099482,-8.937017440795898,7c5f3e2c0518bba6ca3464c385d4787c.jpg
152.5010166168213,69.152226340341,0,255,147.7084445953369,71.359349836624,0,255,2.2071234962830033,-4.792572021484375,306ed332a8e21425894424f73c17b11f.jpg
167.28581142425537,67.70058265238949,0,255,162.31877326965332,65.80407963460371,1,255,-1.8965030177857756,-4.967038154602051,757b9dce1ec83ee0758ebbac0fc6461a.jpg
119.54125213623047,63.67974996233136,0,255,123.33519458770752,65.75090461233326,2,255,2.071154650001901,3.793942451477051,f57a452f52edaaaf43d41c78f1f73181.jpg
128.4746561050415,67.42130486335734,0,237,129.5463581085205,68.80859393386666,1,248,1.3872890705093255,1.071702003479004,52a4ee5944586edccdb0e1f25b7a9ef8.jpg
93.62981224060059,70.07249805542742,0,255,103.26517963409424,78.29138466953381,2,255,8.218886614106395,9.635367393493652,4da6d92e1eeeed4658aaa52ce11fe8f4.jpg
110.08409404754639,65.65839046361594,0,248,118.89938449859619,67.38557158472332,0,249,1.7271811211073782,8.815290451049805,31bdfdc7f6e09f2df77cefac8e857518.jpg
149.9236240386963,79.3522192117361,0,255,141.84799575805664,78.2675954904489,1,255,-1.0846237212872012,-8.075628280639648,8596ba22a0324a295aa986fa60680492.jpg
116.98839473724365,67.5595126397663,0,255,121.87950134277344,70.29294695272046,1,255,2.7334343129541594,4.891106605529785,529d855ec524ddf484434d90da0e3f4a.jpg
152.14881992340088,56.294777504634915,0,255,149.74301147460938,62.874813517815994,2,255,6.580036013181079,-2.405808448791504,bc0e94e539fcc6c3f623d6ce5db07370.jpg
190.47997379302979,47.90548581493343,0,255,169.1823844909668,58.14010738857273,1,255,10.234621573639302,-21.29758930206299,051c2436c0acdb5e09d085c7e4a764f3.jpg
108.67681217193604,59.010138924285336,4,240,121.46402359008789,62.66546976136279,1,253,3.6553308370774573,12.787211418151855,37d00f2fdb0521a0f3fd6c7ec458ff61.jpg
161.42007541656494,56.032877005485716,0,241,149.95577716827393,60.220155172720325,0,251,4.187278167234609,-11.464298248291016,a5e985887d6db5408eeac67bcdf771c6.jpg
135.3542881011963,78.14410537068379,0,255,128.91993618011475,76.22003392589741,1,255,-1.924071444786378,-6.434351921081543,810a3894117aa4dc8d1cd1d22aa7e9de.jpg
140.86145877838135,58.85263755302118,0,255,138.24489974975586,64.27650352333701,1,255,5.4238659703158305,-2.6165590286254883,c2d843a231c6aa30c9239083bc612f7b.jpg
124.68838500976562,70.87426630396399,0,255,129.39260959625244,71.07640202125211,1,255,0.2021357172881153,4.704224586486816,4350258eb4d7ec91137c01233fe0a51c.jpg
130.1557331085205,65.97525883613254,0,255,132.17898845672607,69.13653355041406,1,255,3.161274714281518,2.0232553482055664,f32fbc404c68b727c5bf14bca3ec7b5e.jpg
129.7312126159668,86.55870934673806,0,255,122.55635166168213,83.89462171416787,0,255,-2.6640876325701868,-7.174860954284668,f53c45bd444bfa9796ac5ce5489136c7.jpg
159.95907020568848,73.1891351308688,0,255,150.6999797821045,74.37655726134167,1,255,1.1874221304728678,-9.259090423583984,be53fe5a49231f1c1be020b0bdd8561f.jpg
116.65956211090088,71.05726477553769,0,255,120.51249980926514,73.41820724080797,2,255,2.360942465270284,3.852937698364258,ba665972d68d2cb8b55839ad6592961c.jpg
146.93281936645508,76.41600458970215,0,255,144.6684112548828,75.39669180171798,1,255,-1.0193127879841768,-2.2644081115722656,3b7b733541b21f511d7d5be899070488.jpg
157.07321453094482,62.86881099938204,0,255,149.53533744812012,65.69401695529078,1,255,2.8252059559087357,-7.537877082824707,85e4008def6c48bf43bcf70a5d1e2273.jpg
145.2225856781006,57.95780584828081,0,255,143.41718292236328,62.06603600581173,1,255,4.108230157530919,-1.8054027557373047,68f7ee667e33c638abc21bcd543ad9d5.jpg
157.14639854431152,60.39863454241173,0,255,146.2877550125122,63.413735553268886,0,255,3.0151010108571583,-10.858643531799316,95b32ce2a10f57629eb63830376237ca.jpg
150.89979457855225,56.33564074626976,0,255,143.68565368652344,61.8097847123304,0,255,5.4741439660606375,-7.214140892028809,d312cdd620b130479bfea6128e47b2c4.jpg
137.08809185028076,60.74703992584639,0,250,135.2527904510498,61.674958341351235,0,254,0.9279184155048483,-1.835301399230957,68d2d4cacb8e7d2b125fe18516356777.jpg
139.9155912399292,57.21542050423419,0,255,137.59535312652588,61.39300207927037,0,255,4.177581575036179,-2.3202381134033203,c71ce6345cf70b23ab481a2d66e9c288.jpg
134.73034858703613,63.03586946930474,0,255,137.21245765686035,63.588432574145145,0,255,0.5525631048404023,2.4821090698242188,66c570971c7df4782e3dfb9e74f0dd1e.jpg
157.24394607543945,63.904524648415354,0,255,149.00395679473877,65.76275172127046,0,255,1.858227072855108,-8.239989280700684,69972b49aac9f4aea137e51984cf8691.jpg
109.96679878234863,67.55688405323234,0,255,115.90161895751953,74.8771159426283,2,255,7.320231889395956,5.934820175170898,c3abe21f7e07452e6760cdc2cab95296.jpg
162.5440559387207,72.27770981349605,0,255,157.57105541229248,72.06200025555181,1,255,-0.21570955794423696,-4.973000526428223,f769eea17a2e7678f481f386c3c6261c.jpg
130.3413600921631,74.18632667652274,0,247,129.3783473968506,71.5007167310114,0,249,-2.685609945511345,-0.9630126953125,4ccc63ecf9efef91deef0f5849e3ad34.jpg
136.6050329208374,69.29369358608042,0,255,134.40258979797363,73.62103979944334,2,255,4.327346213362915,-2.2024431228637695,a5b4a4f3010769a3601c845983ee0826.jpg
148.67135334014893,75.35980631816777,0,255,144.5437421798706,70.15639222724911,0,255,-5.203414090918656,-4.12761116027832,0bef06d948ac1fe20ade505ba9960885.jpg
107.5494327545166,54.84404689525962,0,255,121.51823806762695,55.76476707420783,1,255,0.9207201789482085,13.968805313110352,2c74f4196862f688266048d27224464d.jpg
146.20116138458252,84.4405512024852,0,255,144.42740726470947,80.89269767119531,1,255,-3.5478535312898885,-1.7737541198730469,21cc15968368582b548bdc50f24d1ce5.jpg
159.87207698822021,35.70012773804792,0,255,148.45444202423096,45.39925910548865,1,255,9.699131367440735,-11.417634963989258,2cb21c7b25708742a6eed6ba4a59e6eb.jpg
141.08142566680908,59.11683737797321,0,255,144.50694274902344,63.037478058087366,0,255,3.920640680114154,3.4255170822143555,9caac1a690115767b3d4f97702f571d2.jpg
164.4674530029297,73.97554065031122,0,253,150.99835681915283,74.61261872862751,1,254,0.6370780783162928,-13.469096183776855,bdaace04fa79a60e8542a3b573288076.jpg
144.15158081054688,85.1175511507717,0,255,138.14115524291992,83.35765136155261,1,255,-1.7598997892190908,-6.010425567626953,31873abb42a5af56c33d1681971d014b.jpg
150.55109214782715,73.82558137765697,0,255,143.56850051879883,75.62972361886705,0,255,1.804142241210073,-6.98259162902832,9eeacc3c99e0b295f3e0ab1c6e8d66fd.jpg
135.29627513885498,59.30732373313922,0,255,140.622239112854,60.60224762702552,0,255,1.294923893886299,5.325963973999023,b6f07c3256419d2afece328ae2f7ebc5.jpg
127.35247611999512,69.38245979638488,0,248,129.48719310760498,68.94184799535239,1,250,-0.44061180103248887,2.1347169876098633,ad65ef4667adaa5e3bc774ad80158540.jpg
117.79890060424805,67.2570237286894,0,243,120.82052612304688,66.83406362988303,0,254,-0.42296009880637087,3.021625518798828,339bd65420300e35fa74ef9a042cb778.jpg
134.15255165100098,62.711863335221324,0,255,136.1194725036621,62.51302123393175,1,255,-0.19884210128957136,1.9669208526611328,47413ec6c79b4795ea7849cea26ece84.jpg
121.5981559753418,71.88097782250571,0,255,121.22980117797852,76.44635789495516,2,255,4.565380072449443,-0.36835479736328125,63f24af3bd9f735911958c1190306af1.jpg
147.9135980606079,61.072025154097474,0,242,141.24404907226562,62.835222868326525,0,250,1.763197714229051,-6.669548988342285,1dca2f734825798b81f034da81d257f4.jpg
136.92252349853516,62.265964543001616,0,255,134.9295358657837,66.71434566507499,1,255,4.448381122073371,-1.9929876327514648,548bf1d835906c257ca4557ca44b3e81.jpg
117.88602066040039,74.30866833872386,0,255,117.87913608551025,78.99526836199628,2,255,4.686600023272419,-0.006884574890136719,9378e938afe891b372d0d7a1924c7aa5.jpg
129.06322288513184,53.67298931715996,0,255,134.50979900360107,58.60235084429789,1,255,4.929361527137928,5.446576118469238,221c92d2718f1f49ee483ab4afbc7238.jpg
156.55110454559326,76.72537879950228,0,255,149.32517528533936,77.19332067903031,1,255,0.467941879528027,-7.225929260253906,03a6078c0c12fb076b50ae017e590e19.jpg
141.62542343139648,52.13096007170089,0,255,143.2256841659546,59.77033024650546,0,255,7.639370174804569,1.6002607345581055,32459f62247d44d5da83192aa03400e4.jpg
124.72228908538818,68.42314853988451,0,255,121.32038593292236,72.7434606311287,2,255,4.32031209124419,-3.4019031524658203,90823fdce55e57a5c6de680ccf9ffc38.jpg
124.2944974899292,68.26876416115226,0,243,125.9386568069458,68.09700178263866,0,249,-0.17176237851360554,1.6441593170166016,f32ab457c492c30221d3a89fe7c6b25a.jpg
90.53080749511719,33.902587844663344,11,255,109.851881980896,44.52336129269707,3,255,10.620773448033724,19.32107448577881,5cf657759ffe1c8ad29c2b6938197dfc.jpg
121.98196792602539,69.05919643492449,0,255,123.76646900177002,73.76612545230267,2,255,4.706929017378187,1.784501075744629,222cd825ec14127cfb030b84780c30d5.jpg
110.69272518157959,54.736715915168446,3,237,121.46343326568604,57.28897057615103,1,244,2.552254660982584,10.770708084106445,258b0025af766aa2a485e3221da4b46e.jpg
146.08781242370605,83.25578361564257,0,255,136.30139827728271,81.75502206028702,1,255,-1.5007615553555524,-9.78641414642334,803e047ce22c14175d0631e947ed1599.jpg
101.35894966125488,46.164215003691325,3,216,117.23272228240967,51.28752084387714,1,235,5.1233058401858145,15.873772621154785,e674608b3b3609bdf9a5c8017ddcacba.jpg
157.03134155273438,77.65671960080782,0,255,149.94264793395996,75.80714083682238,1,255,-1.8495787639854342,-7.088693618774414,14600a97b1c302343b1b5850ed53ae13.jpg
106.33138656616211,71.78085846830567,0,255,111.54601764678955,77.11537635591228,1,255,5.334517887606609,5.214631080627441,eb76c1606548e4410a5fa74b70ebe5c9.jpg
119.76782035827637,37.38037435629882,0,255,131.17708587646484,46.27083950452028,1,255,8.890465148221459,11.409265518188477,d47bdbcba4b30efdc224e8d6ab79f647.jpg
135.02664184570312,67.97688138695815,0,255,132.52219104766846,71.37961617980719,2,255,3.4027347928490315,-2.504450798034668,6fa7dad34b96816f31cc091a0507bbdd.jpg
166.5816192626953,72.83223362453488,0,255,161.18025398254395,72.88806478990884,0,255,0.05583116537395938,-5.401365280151367,d86ef0cf8f2fe8de11926a45bbce5379.jpg
136.7958402633667,53.91640233153856,30,255,127.87701606750488,60.084287220654964,3,255,6.167884889116401,-8.918824195861816,5ff1e6bd7cb14179a70db035d3aa6ba6.jpg
135.23328971862793,64.46605608477566,0,255,134.64354133605957,67.03665484368734,0,255,2.570598758911686,-0.5897483825683594,222b7757f55bee221e7aba69fc9928d0.jpg
151.70910549163818,59.90468746133532,0,252,142.73163890838623,62.733675782475686,0,254,2.828988321140365,-8.977466583251953,26585204e3c296a3b105bd5bd1c537ee.jpg
89.12505340576172,41.21520122434307,2,187,110.25273513793945,49.104093302501376,1,227,7.888892078158307,21.127681732177734,dbcfcf58619fc013b719b680aa71b91b.jpg
137.01026248931885,86.02258190915622,0,255,132.4934310913086,82.92209584388536,1,255,-3.1004860652708572,-4.516831398010254,e5d63ef8a922c6775c51ce9b511235b9.jpg
143.26081085205078,49.787859169147254,0,228,139.161208152771,56.84527819487213,1,249,7.057419025724876,-4.099602699279785,cffa67149b86b1359623d25f061a2063.jpg
107.58679580688477,71.55031125769376,0,255,119.03439807891846,72.20702632555526,1,255,0.6567150678614979,11.447602272033691,f233f426d24061d9584932e52bfdbd49.jpg
137.32538414001465,45.18779333697686,0,255,141.9482364654541,55.41903826714094,1,255,10.231244930164081,4.622852325439453,081d1700020b6bf0099f1e4d8aeec0f3.jpg
142.06672191619873,64.86933172181476,0,241,140.26064491271973,65.67142080117897,1,250,0.8020890793642081,-1.806077003479004,b8202fc93f201492ab7880cb6b4c9165.jpg
159.44903373718262,55.39984775705609,0,255,151.39594650268555,59.22996506537312,1,255,3.8301173083170355,-8.05308723449707,a18a90445d328302a6dc46ca43917e4a.jpg
177.4249906539917,65.00617218269582,0,254,166.70370864868164,66.62955687591946,1,254,1.6233846932236418,-10.721282005310059,1722c7262a821be25de56e351d641993.jpg
145.70804119110107,64.04274504292381,0,255,143.95623970031738,69.38430741579111,2,255,5.341562372867301,-1.7518014907836914,96e6dbf6148db615d730bdc0d5d76785.jpg
120.19659233093262,69.64424283827117,0,255,124.4487247467041,74.69728358291316,2,255,5.05304074464199,4.252132415771484,6feeabe1a1221a8a4da9560cc86157ed.jpg
143.22045993804932,81.26156993649174,0,255,137.94069957733154,78.49170589754773,1,255,-2.7698640389440072,-5.279760360717773,58f0f69ce610c51dbecd42b9e83677c5.jpg
112.23353099822998,66.76675874087577,0,245,118.35348129272461,67.75563836267659,0,253,0.9888796218008196,6.119950294494629,64a46917dfbd81f3747a1635f47f622d.jpg
135.93419075012207,59.09561890797821,0,255,132.6696138381958,65.19067445064398,1,255,6.095055542665769,-3.2645769119262695,316b07c8233162f6c57b23d94b823ea8.jpg
152.1939525604248,56.596352975739926,0,255,148.431884765625,62.83317473855945,1,255,6.236821762819524,-3.7620677947998047,3cf65c76b376cba244af23e119d705b9.jpg
124.95462226867676,58.040735876293745,0,255,132.64789867401123,62.95794104428816,0,255,4.9172051679944175,7.693276405334473,91b45e8d4bd5c08b849e3a1baea0270a.jpg
115.07948684692383,61.24972617364728,7,250,121.57269763946533,64.34064015793382,3,251,3.090913984286537,6.493210792541504,0453de2faeb8d349af739a68d9dee1cb.jpg
142.3551082611084,57.18929767887544,0,255,139.44346523284912,62.53911659338421,0,255,5.3498189145087665,-2.9116430282592773,33d11e9c98ade6b3937407364fd07103.jpg
144.09417247772217,84.61824033299165,0,255,140.63116455078125,81.12938375135971,0,255,-3.4888565816319357,-3.463007926940918,71cfb66b2166800fae0283d2f28b0902.jpg
127.90434265136719,61.07534516858312,0,248,130.41449356079102,61.02074640439455,0,251,-0.054598764188568794,2.510150909423828,c4f7b110380be6bee542f5c26c78f36d.jpg
162.70806503295898,54.15901574149438,12,255,147.14932250976562,60.04894756820017,2,255,5.889931826705791,-15.55874252319336,ab730707fed0edaf38a9b788b226b9f2.jpg
120.02636814117432,62.802743500925516,0,252,125.89480686187744,64.66619772833754,1,252,1.8634542274120207,5.868438720703125,5f565b018973e7c70aad47a92a5c14ea.jpg
92.36654472351074,63.39035087930886,0,255,106.12621116638184,66.13540150052971,1,255,2.745050621220848,13.759666442871094,65ad4fb69f36c807fce87e66a1c6533d.jpg
187.60314559936523,45.01772648167554,51,255,169.4105520248413,56.50580758153603,8,255,11.488081099860494,-18.192593574523926,1acd93cf651789703cd37ab249f58580.jpg
150.5340976715088,75.0018492971156,0,255,146.45959281921387,75.49784650919423,1,255,0.4959972120786347,-4.074504852294922,fd1bd078f5f30ad02ed984c94077bbdb.jpg
128.74856281280518,56.528723423225365,0,255,137.02235794067383,60.605821937295026,0,255,4.077098514069661,8.273795127868652,41a3987fef185ed06ea962df3493f57a.jpg
154.43925189971924,72.60085990863337,0,255,146.37122058868408,74.1720320832148,1,255,1.5711721745814344,-8.068031311035156,e6883a6ffa058ed027ac1626175b5aff.jpg
171.5184202194214,57.68087952266573,0,248,157.1839771270752,57.83428431023915,1,251,0.15340478757342169,-14.334443092346191,8ada567dbd73c16928ce0f7477275803.jpg
146.2247714996338,81.68830511375128,0,255,141.45887184143066,79.26905463902115,1,255,-2.419250474730134,-4.765899658203125,2d377f5b2bd10b8ead268046859d939a.jpg
162.00292873382568,57.41644088676062,0,241,151.43124771118164,59.85340440535812,2,249,2.4369635185975014,-10.571681022644043,4c5bf28c7cdb9d7c5ac93c78bbd7bdef.jpg
144.704270362854,60.57116379564159,0,255,135.8225612640381,65.19731875288977,1,255,4.626154957248183,-8.881709098815918,c341b3f8a0353bab2ec49147b97ce9d0.jpg
149.37406539916992,65.3112928075177,0,237,142.55172538757324,67.78794557289157,1,252,2.4766527653738706,-6.82234001159668,4524f9b0da0eb546173210ef937b583c.jpg
125.63607120513916,51.31674451127205,0,255,132.01358318328857,54.44208329094753,1,255,3.125338779675481,6.377511978149414,4c4cf43e7c8529c430c1d1295fee1784.jpg
107.27005100250244,65.64421127992387,0,255,118.02973747253418,70.22475411908228,1,255,4.5805428391584115,10.759686470031738,cca122e46a24a6ccfeba9ade9f7b933c.jpg
115.54357147216797,69.182048064573,0,255,118.79411029815674,70.85685691029408,1,255,1.6748088457210883,3.2505388259887695,b489964b59d3f6f9070e45a02e469d8b.jpg
154.64818286895752,59.2447261249591,0,255,146.0174961090088,61.87250981582611,1,255,2.6277836908670125,-8.63068675994873,2400efb8ccb698992e54ec03286d35ef.jpg
165.73255348205566,46.61424194495144,0,255,156.02943325042725,54.3380488857561,0,255,7.723806940804664,-9.703120231628418,a5bdf59cbdda3f531f057d3c1840fef1.jpg
153.97983741760254,75.22221476026725,0,255,149.0030641555786,73.3944424187962,1,255,-1.8277723414710465,-4.976773262023926,72db011d874a7d2151f75b4f0ae679b2.jpg
152.7605495452881,73.15213389788586,0,255,146.74547863006592,74.02111187304759,1,255,0.8689779751617266,-6.015070915222168,0f4fd2b86df83111f83444ee90edbea1.jpg
158.71453952789307,72.73439982690284,0,255,152.5243730545044,72.52291428485647,0,255,-0.21148554204637549,-6.190166473388672,4c8b34b2b49560459f55016cc28a9b4e.jpg
103.29422950744629,64.4989610907987,0,255,111.32210063934326,70.71580718707271,2,255,6.216846096274011,8.027871131896973,ab9d58c665c19627affd36ec20815090.jpg
172.0315647125244,45.90364722003355,0,255,160.16421031951904,54.147491927791656,1,255,8.243844707758107,-11.867354393005371,42c049fd05428f7d606e9da4a95a8c3b.jpg
119.62769508361816,64.86014507268439,0,255,129.79101943969727,69.3790887928285,1,255,4.518943720144108,10.163324356079102,80b4a951ab0029dbcc40fd4480fc6162.jpg
118.02076625823975,69.4263233822085,0,255,122.23804187774658,75.44011115811496,2,255,6.013787775906465,4.217275619506836,78faf91d607511da380a6cc4f0a335d1.jpg
128.05834674835205,66.81952450663562,0,255,126.44123840332031,70.02490051263457,1,255,3.205376005998957,-1.6171083450317383,499bf22f9d6aba3f7da0609d935c9e1d.jpg
127.71395301818848,69.1479058728235,0,250,126.76791286468506,69.45159667414978,0,253,0.3036908013262831,-0.946040153503418,2f35a721ceb1f89cbbd33ade57b32f4e.jpg
165.1708517074585,61.91810149195238,0,255,160.02295398712158,64.03052019916639,0,255,2.1124187072140117,-5.147897720336914,bdeeec185619e393d3cbd8f532f95c15.jpg
121.50021743774414,60.27529325623861,0,255,122.24197387695312,65.56365561727537,1,255,5.288362361036761,0.7417564392089844,379da637859b61609c15e1f4ed2a5e7f.jpg
142.86919021606445,59.320164671484,0,255,139.18114757537842,61.83421384440965,1,255,2.5140491729256524,-3.688042640686035,041762ff7fe435f22ea7541e77bfeafa.jpg
131.85070323944092,43.91583328454399,0,255,135.6057014465332,53.733373443280676,0,255,9.817540158736684,3.754998207092285,8d6a0dcadf3c7322e146e729f4ac4ebf.jpg
126.65695571899414,54.022638522516544,0,255,133.3017988204956,55.992153861648305,0,255,1.9695153391317604,6.644843101501465,b73e16e580992f545e375c2d3d6f7387.jpg
125.7909803390503,50.56905100492155,0,255,130.69860649108887,52.94912272730504,1,255,2.380071722383491,4.907626152038574,0c684171749ce2c0c601b9d69b882edb.jpg
128.83336544036865,64.8271455696578,0,255,131.3223361968994,65.27075309817101,0,255,0.44360752851321195,2.4889707565307617,c996a67b615c29ae24418c918bd44c69.jpg
155.55824947357178,55.17661611111683,0,240,146.92136764526367,60.26611640146362,0,250,5.089500290346791,-8.636881828308105,2fd65c3d2a4c8d35293784167c7a2348.jpg
137.64800453186035,60.11496567284759,0,253,134.45562648773193,63.648802910856546,0,254,3.5338372380089567,-3.192378044128418,9e63db3c1b443ca561e426b798096b8f.jpg
150.1891746520996,67.26670134076383,0,254,140.85193157196045,66.89477163896552,0,255,-0.3719297017983081,-9.33724308013916,6c52edbfaea1be8334fd862161a8f4e4.jpg
170.64680767059326,69.72908945721666,0,255,163.78524589538574,68.69291034235782,1,255,-1.0361791148588395,-6.8615617752075195,4117133a86ed741c387d404a8ffe5581.jpg
175.5196990966797,65.56317179853312,0,253,160.30561637878418,68.3386751971837,1,253,2.775503398650585,-15.214082717895508,b1d44013e0b4fab1d38af22901e312c4.jpg
117.6358585357666,45.178105453976805,0,255,125.50899410247803,51.25601586344651,0,255,6.077910409469702,7.873135566711426,b5632581be1d7da89d9d01a9983c4afa.jpg
167.35112857818604,48.31683401947504,0,255,157.45823192596436,54.721995718173325,2,255,6.405161698698286,-9.89289665222168,e25910b3bb83c9fbe7601dfaa4032e55.jpg
162.03296852111816,63.7485241908236,0,255,155.66640853881836,67.6254231906224,1,255,3.8768989997987973,-6.366559982299805,7652b96082c47799544acbd7858b4280.jpg
152.56478881835938,81.97721620995762,0,255,138.57615852355957,80.77728339741284,0,255,-1.1999328125447732,-13.988630294799805,f7b3fa818839a04913e45fa796203462.jpg
172.59446239471436,47.492876295723065,0,246,159.98044776916504,53.0589938596225,1,251,5.566117563899432,-12.614014625549316,1d8f4d5daf11f2b01695b71a862aa813.jpg
120.85562419891357,64.19511414540283,0,255,121.87241744995117,70.91290625869169,1,255,6.717792113288866,1.0167932510375977,603b1ac8a6e947e4cb0992dbed44f0d9.jpg
107.5294189453125,60.3791252013059,0,255,120.06540489196777,63.08207659191023,1,255,2.7029513906043334,12.535985946655273,a2511b7d5a4657b9b161d7c3e69587ae.jpg
149.33906936645508,58.688393999608586,0,245,142.71106052398682,61.869729093534204,1,251,3.181335093925618,-6.628008842468262,258d918ebb5b4e4d13e381f0df399b5a.jpg
130.0078945159912,61.3933660266593,0,233,132.80497646331787,63.49145182400035,0,251,2.0980857973410494,2.79708194732666,659e8fa4b3d038c98fbfc0ab4cfcd411.jpg
136.1884002685547,66.81867906100953,0,255,136.53023433685303,67.04563325862122,1,255,0.22695419761168978,0.34183406829833984,96151d76b7654e7ee86045acfe659521.jpg
140.25227165222168,60.84633697659752,0,255,146.14331340789795,62.512558496098265,1,255,1.6662215195007448,5.8910417556762695,25e4fa50ffa395dd163a97ca6bef8fe0.jpg
135.1062936782837,61.89996586234409,0,255,141.15848636627197,65.30351023844077,2,255,3.4035443760966757,6.052192687988281,fba40b4a066903eaccbf80e168617e69.jpg
125.49123001098633,64.68879156878917,0,255,132.82078075408936,64.06673203216643,1,255,-0.6220595366227428,7.329550743103027,e60ce67640c934d4fb3bcac5b334983d.jpg
134.05514335632324,46.82841188167485,0,255,137.2668743133545,50.53445039828936,0,255,3.7060385166145053,3.21173095703125,75ecc008a5e1a7f034c309b4f3f1e64e.jpg
100.5939416885376,48.26691047805534,2,214,117.29992961883545,53.39038674832338,1,240,5.123476270268043,16.70598793029785,a40a4c976a48e21acd6a2cd3d71cac4f.jpg
134.1865520477295,61.88300513537384,0,255,132.3790454864502,67.77154013731109,1,255,5.8885350019372495,-1.8075065612792969,6efabbfe08d43653606d7b16c5ad264d.jpg
135.54991817474365,81.03838925191022,0,255,131.79788780212402,80.12795717707867,1,255,-0.9104320748315473,-3.752030372619629,02562eb68a9c682f5f644fa7a099733f.jpg
127.68128967285156,64.65041298463936,0,233,129.3370065689087,67.3436285288108,1,252,2.693215544171437,1.655716896057129,1f60588926146538eeb34cd3215b4848.jpg
114.30458450317383,71.48875621473906,0,255,116.9032335281372,74.48955733055958,0,255,3.000801115820522,2.598649024963379,a537060564b5e08c80f46362deb565e8.jpg
120.58444595336914,74.04367304166881,0,248,121.34836292266846,74.35911696441819,2,253,0.31544392274938104,0.7639169692993164,852ec6a0bcb9608ffee9b3fda0867f91.jpg
152.51551246643066,71.32679893823148,0,255,147.82085132598877,72.46573899964304,0,255,1.1389400614115601,-4.6946611404418945,96fb81c205dcedda4f036353e4f18cdb.jpg
139.3564748764038,56.20137887786556,0,255,134.90628051757812,58.20706600082155,1,255,2.0056871229559903,-4.450194358825684,47ed17dcb2cbeec15182ed335a8b5a9e.jpg
151.88067245483398,71.37849140653707,0,255,146.22922897338867,71.99220008196436,1,255,0.61370867542729,-5.6514434814453125,566150c4fe08a31a5a17d9d9f6c5f21f.jpg
147.45682048797607,67.93710493351023,0,255,138.98623657226562,69.47759203504992,1,255,1.5404871015396964,-8.47058391571045,73ca5ade271925fe03782a52a85f75b2.jpg
159.21059226989746,73.08959885605618,0,255,153.82447242736816,72.66333899551341,0,255,-0.4262598605427712,-5.386119842529297,92928a912d1736877050c8c00c3dacdb.jpg
148.93812370300293,74.48597182839194,0,255,142.28146171569824,74.28696809025266,1,255,-0.1990037381392824,-6.6566619873046875,a4b41309551add1836dd1f0e96e7c594.jpg
95.1728105545044,53.03018925505423,0,255,108.1948766708374,63.03970258539465,2,255,10.009513330340418,13.022066116333008,66e2d822ac451ea21fcfa3182c56a651.jpg
97.49214267730713,55.599734118940034,0,255,113.2081708908081,62.92631289532527,1,255,7.326578776385233,15.716028213500977,d4e8665286a7fd59bcd408868c247a5d.jpg
136.75666618347168,44.64057020722371,0,255,139.88144397735596,50.04788509694687,1,255,5.40731488972316,3.1247777938842773,2ebb05b4c603d590854c621fa4f1fd5c.jpg
129.25203704833984,70.41008123782993,0,255,130.48514461517334,72.30682997435213,1,255,1.8967487365221984,1.233107566833496,34c83a38559d01f09ab25ee8ffc79511.jpg
112.33107566833496,72.28533569368511,0,255,114.89976978302002,74.56895323503005,2,255,2.283617541344938,2.5686941146850586,0005e8e3701dfb1dd93d53e2ff537b6e.jpg
157.93843269348145,78.41152108880081,0,253,147.5745668411255,78.1058210326699,0,254,-0.30570005613091666,-10.363865852355957,6a226af290752e9d60405e5a5a18e90f.jpg
118.9127368927002,75.54900908745692,0,255,124.6464433670044,73.07530443880405,1,255,-2.4737046486528698,5.733706474304199,43d3137e74ebd344636228e786cb91b0.jpg
154.9053134918213,51.16865394721518,0,255,144.6480474472046,56.9877969600821,2,255,5.819143012866924,-10.2572660446167,e4fe775718f2633a8989f20e06612f01.jpg
156.3539228439331,78.52919525800257,0,255,148.1284055709839,78.18621973984543,2,255,-0.34297551815714655,-8.225517272949219,9394d988f22d6f03b220ce1b1af919ca.jpg
153.9430170059204,48.731471587262384,0,255,146.3181619644165,53.18445199877522,2,255,4.452980411512833,-7.624855041503906,8dcb48f8f81f5d883b1c85b7106a2378.jpg
152.4960708618164,73.33480321271348,0,255,143.4523983001709,76.05918859521431,2,255,2.7243853825008273,-9.043672561645508,50625148e666a338a8588bd1b1e0b7f3.jpg
153.05486965179443,60.93671827606832,0,255,151.4118309020996,63.66046686369931,0,255,2.7237485876309933,-1.6430387496948242,8cd75497ddd543845e5a151e9a3b7561.jpg
87.79493236541748,40.76554215576371,5,199,109.19392108917236,50.26440045793504,2,238,9.498858302171328,21.398988723754883,82c8e033e6fde13b0bf365370407d342.jpg
168.4223928451538,67.97893387586822,0,255,161.76888179779053,69.50786093748361,0,255,1.5289270616153914,-6.653511047363281,7e2b67509fa24f95e4237ed93ac683e2.jpg
163.279146194458,54.94095692035216,0,255,149.89491367340088,63.08860782365314,1,255,8.147650903300985,-13.384232521057129,15c3fc505c414c69ba757cb3be3ed213.jpg
110.41012001037598,67.6731556915562,0,255,116.48489475250244,74.38806458656524,1,255,6.714908895009032,6.074774742126465,aa4370e72e37cb955a24369f7fc9f35f.jpg
135.40826034545898,60.60099876616408,0,255,134.30028915405273,67.87957030413995,1,255,7.278571537975864,-1.10797119140625,1b2a7adb5705d9e3f5b63939046d93c7.jpg
157.85606002807617,75.23117885025071,0,255,149.83611297607422,73.4330255474298,1,255,-1.7981533028209071,-8.019947052001953,1cb2f31d6914dbb6550d2ed5538fc184.jpg
138.66764736175537,85.57780692513177,0,255,134.19521617889404,84.031694100766,1,255,-1.546112824365764,-4.472431182861328,285c4b227a6c923d674fa58fdfdd2eca.jpg
169.84652423858643,57.14057760045047,0,255,162.08814239501953,61.62738833743548,0,255,4.4868107369850065,-7.7583818435668945,6f81359c392e30ddea9260b22d732e69.jpg
139.77953720092773,56.003312772225044,0,235,139.6100721359253,60.97319033819561,1,251,4.969877565970563,-0.1694650650024414,381e9c224c892d437f498779e349469e.jpg
158.58953094482422,71.32373548680992,0,255,150.3213348388672,72.36957365097584,1,255,1.0458381641659145,-8.268196105957031,a838e79ba2e9716bc790a76f7ae1c94e.jpg
148.17301177978516,74.91481755814068,0,255,141.03933429718018,76.3573103967742,0,255,1.4424928386335125,-7.1336774826049805,ba46dcb445340df33566b52d7192ab6e.jpg
154.36522006988525,52.029487904967525,0,235,147.82246780395508,57.014415150575545,1,251,4.98492724560802,-6.542752265930176,ffe6f9fe648a7ec29a50feb92d6c15a4.jpg
134.26326942443848,54.13672257593164,0,224,136.68699169158936,57.72241314645724,0,251,3.5856905705255997,2.423722267150879,8eb38ce22b1b5323c2dad3a92c79e1bd.jpg
114.54995250701904,70.96586764650068,0,255,115.36629486083984,72.28945189269068,1,255,1.323584246189995,0.8163423538208008,6b3c9e72ced5b7a5f40029e034ab6cba.jpg
113.59539890289307,69.36173278803328,0,255,119.15318012237549,74.90716947520734,2,255,5.54543668717406,5.557781219482422,967f2ad4d9bd6d377127624161468188.jpg
151.11028289794922,45.986250593936,0,255,150.1958179473877,57.09744384960672,0,255,11.11119325567072,-0.9144649505615234,74a6dc1a51dffd964baef5089fc4d1b6.jpg
62.421255111694336,22.56356145490302,12,255,87.99856472015381,36.85286261310462,6,255,14.2893011582016,25.577309608459473,fb8f8632ea2bb7e136adee05a286105d.jpg
139.83066177368164,63.83095000330842,0,243,134.31264400482178,66.82577478837513,0,253,2.9948247850667045,-5.518017768859863,9278f10a8ff708a2cb687a2f0366ad74.jpg
142.88831329345703,61.24039952414438,0,255,137.00797367095947,64.91983461872007,1,255,3.6794350945756946,-5.880339622497559,579ceeec7e5374a80d88551c81db441a.jpg
165.51819610595703,69.53038598931482,0,255,160.03992748260498,69.34683246375629,1,255,-0.183553525558537,-5.478268623352051,000d68e42b71d3eac10ccc077aba07c1.jpg
162.49783515930176,66.2425040778936,0,255,154.39434051513672,68.96189409877519,0,255,2.7193900208815904,-8.103494644165039,aa89a83d50a147e44d6dc72893f01fef.jpg
152.4962034225464,49.11585663874352,0,255,149.96274852752686,53.18983050860879,1,255,4.07397386986527,-2.5334548950195312,059ec0fc0d6840cff6e268e46f85faa0.jpg
118.3245620727539,69.56384143368048,0,255,123.42353057861328,66.56690864380772,0,255,-2.9969327898727585,5.098968505859375,84eb3e8b282f648bbc43c356f058f24e.jpg
113.89962673187256,67.34529635830071,0,255,118.59095668792725,72.55584023184977,2,255,5.210543873549057,4.6913299560546875,5b34fd56bddef0fba0a3d88286604cbe.jpg
112.8399772644043,67.1675762555282,2,255,112.47439479827881,65.42834423561342,1,255,-1.7392320199147804,-0.3655824661254883,9850d20ee4d2bf722154a90ae07ddff8.jpg
132.9991693496704,87.03916741333049,0,255,130.0636100769043,85.10499844831095,1,255,-1.9341689650195377,-2.9355592727661133,725d3455da58a90c17e5eba4b4520e97.jpg
158.18847179412842,42.68615094852478,0,255,153.67940521240234,48.522441964147376,1,255,5.836291015622599,-4.509066581726074,6fbeb3ec1ec16b267f98fc12cbab9b6f.jpg
128.8568286895752,62.62378202813986,0,246,131.5031795501709,64.7402116115132,0,254,2.116429583373346,2.646350860595703,127f66766091998a72268caf4ec34bef.jpg
137.07747077941895,68.64155856018857,0,255,135.46338939666748,70.00902214869323,1,255,1.3674635885046627,-1.6140813827514648,c413baf55bfb894ee5af02d991b452ce.jpg
151.44049453735352,59.719971593679034,15,255,144.02340030670166,63.898816372252455,3,255,4.178844778573421,-7.4170942306518555,3a302fbbbf3364aa1a7731b59e6b98ec.jpg
103.60582637786865,50.366110107338216,2,216,119.32472324371338,55.44287970681678,1,246,5.076769599478567,15.718896865844727,f68b31e44bfe5252ca65f6bc22152e61.jpg
150.6112756729126,76.83814270388206,0,255,141.39914512634277,76.78817491859591,0,255,-0.04996778528614243,-9.212130546569824,2f5a3aa315379bb01b8b4c9a1ece8e2e.jpg
135.39162731170654,66.80262963816018,0,244,136.51660346984863,68.38155709393627,1,252,1.578927455776082,1.1249761581420898,c32ec722d0608e89e8d6eaeab36191b1.jpg
107.52883243560791,49.572838611097346,5,231,120.39223003387451,51.934924647842976,3,244,2.3620860367456302,12.863397598266602,c191a7c7c0e1847b1aebc8e8ef628aed.jpg
159.10766315460205,56.018916482312896,0,255,152.57475090026855,57.390056046454475,1,255,1.3711395641415791,-6.532912254333496,50297e864bd40ca2a8102013e0a899cd.jpg
164.76649475097656,47.35448986855709,42,255,148.40402221679688,55.273319836135755,5,255,7.918829967578667,-16.362472534179688,c008cfaf7009c94d297cc2e715e81c03.jpg
147.25742149353027,66.68631835037861,0,241,140.1450481414795,67.21414034725515,2,252,0.5278219968765399,-7.112373352050781,87a516c6446958f3f56cf3e4ab8a0c5f.jpg
137.8284215927124,71.74788884512158,0,239,134.71614360809326,70.57482301515017,1,249,-1.1730658299714065,-3.1122779846191406,df4cdf26c36cbf365fc95d261e1d3bcc.jpg
140.99221324920654,56.46565120215424,0,255,139.30707931518555,61.725575174012,0,255,5.259923971857759,-1.685133934020996,71dadd60877ab8a22b3d5075c40415c0.jpg
135.9979648590088,69.02005699981791,0,255,139.52165508270264,69.91231546551911,2,255,0.8922584657012038,3.5236902236938477,427693347c93b01e186e65ddabcc01b0.jpg
132.63193130493164,62.820244402788504,0,255,136.14701557159424,65.41339325677133,0,255,2.593148853982825,3.5150842666625977,cf412a6f906091434c19ffd30f2df9b6.jpg
120.04104900360107,64.27176539634989,0,255,122.52072334289551,67.60370203073906,1,255,3.331936634389166,2.4796743392944336,bde7cb2bd708d3d928b6ad9e32038fe1.jpg
148.23254013061523,76.44146587438904,0,255,141.2981185913086,75.62541622411987,0,255,-0.8160496502691643,-6.934421539306641,0853ab3a3dbadae1e6f28b933ddff809.jpg
131.42391109466553,66.16315907584243,0,255,130.3333921432495,70.77533268017147,2,255,4.612173604329044,-1.0905189514160156,dc16611b33711249ce1605b2d7148bc0.jpg
118.9484691619873,63.70379932923521,0,242,124.12433528900146,64.349552856548,1,253,0.6457535273127917,5.17586612701416,56e12dd250d23cb2199f1f90eb5a337f.jpg
149.36171054840088,63.80376054704614,0,255,137.17952251434326,67.36894755978749,1,255,3.5651870127413474,-12.182188034057617,3bf462b3f48c0a1c35912a77a84f318d.jpg
151.9246950149536,41.680005873403104,0,255,148.85777282714844,47.16771996659317,0,255,5.487714093190064,-3.066922187805176,985be77c13eb905ee8e19a45e46ab785.jpg
145.25219345092773,73.41300048550383,0,255,136.5746431350708,73.58773711604498,1,255,0.17473663054114752,-8.677550315856934,0fafbbfb67745f8c29351f9f7263b82f.jpg
139.1051836013794,53.69435086563,0,242,135.09942245483398,58.156841892140946,0,252,4.462491026510946,-4.00576114654541,b7ce898bce636076cff5d2267500bc18.jpg
136.18941497802734,60.23103528813065,0,255,133.8399896621704,63.27260770571216,0,255,3.041572417581513,-2.3494253158569336,046ad82db74a4155eaff3586b0d1e068.jpg
107.1845531463623,66.35650356678832,0,237,116.80850505828857,66.34151066045239,1,253,-0.014992906335933753,9.62395191192627,ba68c12f2141bba79d9c29322c2c295a.jpg
133.25849533081055,57.37326027489888,0,255,130.97193145751953,61.882918264539946,0,255,4.509657989641063,-2.2865638732910156,d106ec9b305178f3da060efe3191499a.jpg
119.61439418792725,57.89529167282006,1,252,129.2090883255005,58.88329630451237,1,254,0.9880046316923128,9.594694137573242,c9c761e1d3bf899273a06ca2e24610ef.jpg
124.08402633666992,76.70968899242442,0,255,122.39953136444092,76.86580084200277,0,255,0.15611184957835178,-1.684494972229004,eb0c86ba705f5dfebc0d3b4d59d2dcab.jpg
164.92378902435303,51.03136415348303,0,255,156.54300785064697,53.64073102003243,2,255,2.6093668665494008,-8.380781173706055,972b79ab9ba7e34488c4459e43241ab4.jpg
107.46563816070557,69.36181476773967,0,255,116.51485443115234,70.32654630360751,1,255,0.9647315358678412,9.049216270446777,ccff375f4139cef65b98385224cfc810.jpg
133.82475757598877,66.67972745587096,0,255,130.4819564819336,67.46926424973951,1,255,0.7895367938685496,-3.342801094055176,4142e0645234ffd87a9fa0b8aaa6bbb5.jpg
156.56879234313965,52.71376193752639,0,234,149.95904159545898,58.010107893663665,1,250,5.296345956137273,-6.609750747680664,ebb0f756621fb2c6dcfa2b82d4fc8ed8.jpg
164.9768304824829,65.25173595718331,0,255,158.21312999725342,68.42940096424483,0,255,3.1776650070615204,-6.763700485229492,f6fc6f200924da874ae95664661e67aa.jpg
149.34185981750488,75.09476727669269,0,255,141.55142498016357,74.93790826382943,0,255,-0.15685901286326498,-7.790434837341309,d8bed8c7cbb164f7e8dcc5708ef41f7b.jpg
135.22971630096436,60.33141861188117,0,255,138.56207275390625,63.588121078339114,0,255,3.256702466457945,3.3323564529418945,c6c19cc8f966c6353e663a4e299d9a39.jpg
125.67600631713867,57.51925596298896,7,255,125.36449146270752,59.346656438526864,0,255,1.8274004755379067,-0.31151485443115234,604340ab6423f81a91ac72182163e9a4.jpg
171.4223461151123,38.35961756058605,0,246,154.19617462158203,46.9553721174428,2,252,8.595754556856747,-17.226171493530273,15b164c54f0bf0baac308b47a45a1468.jpg
103.30980491638184,77.71699743827224,0,251,116.12986660003662,70.86518488081347,0,252,-6.851812557458771,12.820061683654785,74292e695d6b5868b89acf26363ee93e.jpg
144.6143617630005,62.48658602451495,0,255,138.53598499298096,65.43029118904582,1,255,2.9437051645308685,-6.078376770019531,64fd03319a30c50cfa302fc5457baf3f.jpg
137.74444675445557,59.42568243469757,0,255,134.66418361663818,63.18886491724005,1,255,3.763182482542483,-3.080263137817383,0608fb82e9965a0a6f3607f93e304d2a.jpg
113.6726541519165,59.29202087814566,0,255,124.0084056854248,59.61543361856686,1,255,0.3234127404212046,10.3357515335083,9f79612cb768f8fa50a6cb22e4e38a2a.jpg
126.36633682250977,61.464733528234255,0,249,128.3629903793335,63.935308443195375,0,253,2.4705749149611194,1.9966535568237305,096688dacee6b1a1a5660ad15024a6f9.jpg
153.46284580230713,60.12759051628564,0,255,152.10760402679443,59.62352317348688,2,255,-0.5040673427987628,-1.3552417755126953,c9178abde9d3400103cf7f925bc38782.jpg
124.6239242553711,66.07546424360969,0,255,126.274489402771,67.60362272879752,1,255,1.5281584851878307,1.6505651473999023,8ef74927dbf4b7819d546c7e1f2e002e.jpg
111.07095527648926,56.35019424649987,0,255,119.93102836608887,61.848515183532164,2,255,5.498320937032297,8.86007308959961,1e942d9666eb7b3cd0bf4e2bedae5fd6.jpg
120.46720027923584,57.563355727730006,0,255,128.41556549072266,59.61630437134641,2,255,2.0529486436164035,7.948365211486816,28936b1a86428a44f356135a896b8627.jpg
150.16414833068848,76.06679113729847,0,255,145.88993549346924,76.0828576932103,0,255,0.016066555911834257,-4.274212837219238,bde911be299cef4ecbdf6c63af33cdf6.jpg
125.22783470153809,71.01399235347755,0,255,125.31229591369629,74.42769717573168,2,255,3.4137048222541324,0.08446121215820312,43d6a61fac5fb77bbf83e0070b914c82.jpg
135.29285049438477,65.16125078759443,0,255,133.10536670684814,71.93709278113653,2,255,6.775841993542102,-2.187483787536621,25fca74811355266a2c7a0bc442db4e3.jpg
146.92735195159912,73.74223186437584,0,255,138.50176811218262,75.03051546919748,0,255,1.2882836048216433,-8.425583839416504,e1eb9553f694d0eba82535625d70186c.jpg
160.5398178100586,74.53905360494126,0,255,153.1052885055542,74.42030390051976,1,255,-0.11874970442150357,-7.4345293045043945,1c1ef26e3b3323f74041f6dd2371cd24.jpg
152.86498928070068,79.57175494013687,0,252,143.05079650878906,78.88496134331051,0,254,-0.6867935968263623,-9.814192771911621,af9a9224cf1f0dd1bacdb95a1b8ea36b.jpg
153.89716243743896,70.57374664040371,0,255,147.2202444076538,72.49961683958534,1,255,1.925870199181631,-6.676918029785156,2596fb668f0ec31ac6622ea546e600cf.jpg
139.54231548309326,77.6044995081221,0,255,134.67084217071533,77.12189991291179,0,255,-0.48259959521031703,-4.87147331237793,d1e95f585e1094cb8ddf94c1d97a4d1a.jpg
150.33774662017822,66.07475270367712,0,255,143.0982313156128,67.3229228648702,1,255,1.2481701611930731,-7.23951530456543,ac74ec4ce879ddfe2cb00be038821457.jpg
167.17611026763916,52.15677078560701,0,255,156.75148677825928,57.61184689713468,1,255,5.455076111527674,-10.424623489379883,b23ee0544bba6ed7301111820f8de415.jpg
160.77214527130127,66.0260949224566,0,255,153.46253108978271,68.30466580214157,2,255,2.2785708796849775,-7.309614181518555,5766dfc49e91557e8cd4a06a406b8890.jpg
115.31830215454102,69.9233532913169,0,239,120.50638008117676,71.06819728077319,1,250,1.144843989456291,5.188077926635742,1e380cbe7d0d59de0527d31486a24fa2.jpg
140.46452808380127,62.37255822963538,0,244,138.08727073669434,59.557568419841935,0,253,-2.8149898097934454,-2.3772573471069336,8111591b7fea74653fbd7e935a74cf36.jpg
166.02881813049316,63.771769222592994,0,255,147.95699310302734,66.30035810245111,1,255,2.5285888798581198,-18.07182502746582,d433568de3111a8536c18e27eff73a47.jpg
106.7498083114624,65.94576253213579,0,255,117.30313110351562,69.0780000438994,1,255,3.1322375117636057,10.553322792053223,364a18cd8e445fdcb63e3692393e6854.jpg
146.9228687286377,73.97627404903628,0,255,138.2594509124756,73.55522720919411,1,255,-0.4210468398421625,-8.66341781616211,97e5e230f793b64aba05a318d6fdf4c4.jpg
136.44307041168213,54.61367760459064,0,255,140.36779022216797,59.27807309044467,1,255,4.66439548585403,3.92471981048584,d015e02257639b55b196e26820e10081.jpg
139.47478485107422,58.584783471739826,0,255,136.74637603759766,60.68787069023955,1,255,2.1030872184997236,-2.7284088134765625,7944aab8e3c02270d273b8b65fad7305.jpg
137.33903312683105,63.63976472550184,0,255,135.54428386688232,65.79361236954044,0,255,2.153847644038599,-1.7947492599487305,357f8f4587f096c180f701f450fffcfa.jpg
108.06732177734375,56.25673604365632,4,247,117.45551013946533,61.307374127531894,2,248,5.050638083875576,9.388188362121582,c8f9493ed65b68adb82000cb7ca7baf3.jpg
170.7784662246704,64.20522564904175,0,255,160.38663387298584,67.93332777804414,1,255,3.7281021290023943,-10.39183235168457,dc3d3675ea30a5f3885dcc1b258a6a2e.jpg
156.08335781097412,67.14260979178512,0,255,150.6315746307373,67.79468700537912,0,255,0.6520772135939978,-5.451783180236816,f58508942604632676c1df2639e18010.jpg
104.31040000915527,57.50024365602221,0,250,120.47849082946777,62.04950490382217,0,254,4.549261247799961,16.1680908203125,50f315c754b3530ac3c9bac3e96b22ac.jpg
145.5662088394165,81.31262046020022,0,255,139.63269805908203,81.43697170142565,1,255,0.12435124122542618,-5.933510780334473,a7dae5a9e0ee3afd267ae9a5ebca1c11.jpg
120.17831993103027,62.80773662806859,0,255,118.19206142425537,68.83214711699596,1,255,6.024410488927366,-1.9862585067749023,14a097373f1e4e57878c3929fd2f3b4e.jpg
127.73571586608887,67.43679792978956,0,255,130.5405511856079,67.43775559288036,0,255,0.0009576630908014749,2.804835319519043,cf7b4c06372d21a1d7dc81dcd6757dfe.jpg
159.71826934814453,70.27200631284653,0,255,152.84955215454102,72.851327980296,0,255,2.579321667449477,-6.868717193603516,b3c7d38fa039c4550491cf77cb52bea8.jpg
128.13394832611084,80.94544810319033,0,255,121.1617202758789,80.26560885379641,1,255,-0.6798392493939218,-6.972228050231934,c8634131ee43469be8f4f75ab4595b10.jpg
120.82998466491699,63.0046357817253,0,255,121.92850399017334,65.18081788071994,1,255,2.1761820989946443,1.0985193252563477,5a0fbc7c40ea94bef4c8342d47c05b26.jpg
112.74612236022949,68.13505111345236,0,238,123.1382884979248,68.57662129460772,1,249,0.44157018115535607,10.392166137695312,e9af0316eb1e082f0b2fac36ecf9a6c6.jpg
137.70469665527344,80.71062067847143,0,255,130.79860591888428,79.95539173271267,1,255,-0.7552289457587591,-6.90609073638916,dc7d6c6fa1fdde25e0aa64a1f6fd594a.jpg
156.37546634674072,58.32697477126333,0,255,148.473295211792,61.70784542442293,0,255,3.3808706531595973,-7.9021711349487305,72bce8eed8324b1544f1698f56a2b0ba.jpg
72.71889400482178,39.489270164319045,3,193,97.44273948669434,53.439055391969774,1,240,13.949785227650729,24.72384548187256,0c2079e62ddfb06a8a5300cefaa3a970.jpg
149.7942247390747,80.43238786261823,0,255,136.36907482147217,74.49173848176949,2,255,-5.94064938084874,-13.425149917602539,acc6529ff7e03c2a225fd1ddb5319db8.jpg
128.45181846618652,61.58091348751494,0,241,127.88209533691406,63.713056557564514,0,252,2.1321430700495725,-0.5697231292724609,a629d0f2bd9dfde3991ef4aec75e1c8e.jpg
146.04108428955078,56.585003502624836,0,255,141.37041473388672,62.625768568870015,0,255,6.040765066245179,-4.6706695556640625,4268985caaa0bb4145dd056d5aa84b27.jpg
173.92495727539062,64.04368148951998,0,255,168.954683303833,66.05346936017314,0,255,2.009787870653156,-4.970273971557617,1b44e26dcb2892268d5326bf44ccd2b3.jpg
107.43986320495605,71.77889124536907,0,255,109.55773162841797,73.25258566265768,2,255,1.4736944172886126,2.117868423461914,c24029f31fb9ae265934082ce6b47d33.jpg
106.54802417755127,62.98488359633663,0,255,121.16971397399902,66.10812345759054,0,255,3.123239861253907,14.621689796447754,1691ab3a82040297355b59a34c1e3fa9.jpg
123.12065696716309,66.18149713573548,0,255,127.09179496765137,69.5069914557938,1,255,3.3254943200583114,3.9711380004882812,f289d19e4b47b6f38bc2dca65d2d40bd.jpg
130.01691246032715,65.95890611111084,0,249,131.3849811553955,65.9218912898112,0,255,-0.037014821299635514,1.3680686950683594,09d6b99ffec66ae485de851924187bfe.jpg
166.2796859741211,59.50149925278456,0,255,157.74149894714355,63.62833486650723,1,255,4.126835613722669,-8.538187026977539,cdeda235172891a9886537799cd57d76.jpg
130.2541971206665,84.72874620804404,0,255,128.60980796813965,84.07634830630646,2,255,-0.6523979017375865,-1.6443891525268555,968172a174cec0c1f043932fd8a4576b.jpg
115.94156169891357,69.63939030464897,0,249,112.33002758026123,68.8083663238352,1,252,-0.831023980813768,-3.6115341186523438,133ed9054828b0e75987e00217aef89d.jpg
107.41278457641602,68.94182676137072,0,255,109.45497226715088,74.79210957978857,2,255,5.850282818417853,2.0421876907348633,09175449df9374e0f6afe517f7b6249f.jpg
116.43586158752441,48.67978318566573,2,228,126.44659996032715,56.153282702052714,1,245,7.473499516386987,10.010738372802734,ee87cffb47722b3161ea80a75fa307a4.jpg
74.25305461883545,48.26244916773468,0,204,96.69504070281982,53.83194679235942,0,230,5.569497624624738,22.441986083984375,77a86229631c04f92af02336b28db006.jpg
158.31396770477295,67.88600835779535,0,255,150.63802909851074,70.18351634089969,0,255,2.297507983104339,-7.675938606262207,fe9e2c89c75a48f88d5d7274ff939b31.jpg
148.19304180145264,73.39873415606158,0,255,142.27995491027832,74.60439205201075,1,255,1.205657895949173,-5.913086891174316,8991d0302a45f1bb372795cea3f18a75.jpg
126.10183715820312,66.13328101920365,0,255,131.4876012802124,68.56372480109904,1,255,2.4304437818953915,5.385764122009277,9b9f47628be6a48ddb41aec8ba39b454.jpg
152.65340995788574,71.70364586624855,0,255,147.38803100585938,72.10406516875369,1,255,0.4004193025051421,-5.265378952026367,9188790e0ad5b3a06595039d9314baad.jpg
138.1184482574463,64.52430793785356,0,255,137.35986328125,66.26050065332167,0,255,1.736192715468107,-0.7585849761962891,382fde0b4f36b498850d79b00cf5593d.jpg
134.9571943283081,58.09121361761064,0,255,137.41575050354004,61.8183319243576,0,255,3.7271183067469593,2.4585561752319336,6bb053f269fb54485e70eb65424578f3.jpg
127.8409481048584,67.43128207246384,0,255,130.4426851272583,70.9611444361832,2,255,3.52986236371936,2.6017370223999023,02acf0e7d0932f9c6a06fd4bbe1f5d90.jpg
162.94785499572754,60.4782949149713,0,255,156.3421106338501,64.96661951807256,1,255,4.488324603101262,-6.605744361877441,e3b9fe4e47c5650cf87c2e556fb7a1f4.jpg
152.7021198272705,85.72270962342968,0,251,146.48991680145264,82.73258366730101,0,253,-2.990125956128665,-6.212203025817871,58e1820f96aa84a141c9e217c46dfe71.jpg
113.81318378448486,73.3916657569366,0,245,117.63160228729248,74.0777625830305,1,250,0.6860968260939018,3.818418502807617,5a8231c748478ef6be5055800a2fce17.jpg
153.37115859985352,52.0037077308781,0,255,145.9029998779297,58.050963504391625,1,255,6.047255773513527,-7.468158721923828,af4f5a12b32b5d76951f3994cd7e9ad6.jpg
144.4384641647339,55.87172108530045,0,245,138.75773334503174,59.52281926881833,1,252,3.651098183517881,-5.680730819702148,bc89dfd66b1662e2aaf94bc7e1e7f630.jpg
116.16964435577393,60.59911086098825,0,255,123.65831184387207,65.74280572496365,0,255,5.143694863975398,7.4886674880981445,7eda1e28e4cee7d8016276c87b76259f.jpg
145.36383056640625,75.27423503353758,0,255,137.93866062164307,76.27365619417482,1,255,0.9994211606372403,-7.425169944763184,c5beeca4042003ebfeac1f3a786dbe6a.jpg
159.34668254852295,58.39796900875444,0,255,150.47361373901367,60.77473586565189,2,255,2.3767668568974543,-8.873068809509277,310a5c5df24cacd7bfc923cf0ce2f310.jpg
149.70110416412354,63.25079120971612,0,248,142.09776878356934,65.60803697290406,1,254,2.35724576318794,-7.603335380554199,e7dad9b7047a87bb31b871d98c648d13.jpg
138.0655164718628,63.01092355942689,0,255,135.02204132080078,65.08033628578639,0,255,2.069412726359495,-3.0434751510620117,8e682cb1be531ca41c0e04e45c227797.jpg
132.37165069580078,51.16029632017678,0,234,133.01004314422607,57.79222210914967,0,251,6.631925788972886,0.638392448425293,e6a08696962a275ee2dd46d9ae1c6150.jpg
142.09964656829834,88.89951837851739,0,253,134.8736686706543,86.082225476247,1,255,-2.817292902270381,-7.225977897644043,79ff39552d8204ba42c5041e7650effc.jpg
101.02163505554199,65.66394289267664,0,255,111.01145267486572,72.00755618410246,2,255,6.343613291425811,9.98981761932373,70e09b0d52ed4571aa953c4d844bc5cb.jpg
154.22343063354492,77.27434177135272,0,255,149.37998580932617,77.53600514068322,1,255,0.26166336933049195,-4.84344482421875,f2f1cf0ebcbc9348fba2dcd55f6e8c91.jpg
130.830792427063,85.2708194570621,0,255,126.31254863739014,82.92294341957947,1,255,-2.347876037482635,-4.518243789672852,77f4f19048695b17ba4194ae3b9bea8a.jpg
161.39414882659912,71.63990218076454,0,255,152.8074893951416,74.55461521090754,0,255,2.9147130301430053,-8.58665943145752,1245f853816564c0ee3f1b9e93521ff0.jpg
128.20872688293457,55.91173785208121,0,255,134.3851499557495,56.35465645428947,0,255,0.44291860220825896,6.176423072814941,9120a0510a95b14a2554cb6cd5319f00.jpg
148.6222801208496,59.898167336970914,0,255,145.7420711517334,63.47729376892158,0,255,3.5791264319506624,-2.880208969116211,0a61578e3d77b1cebc86d13a41efa31b.jpg
152.35876655578613,60.10363453503879,0,242,144.33059978485107,63.5625216174332,0,252,3.458887082394405,-8.028166770935059,924c710624ba217ea2a275babf7903a6.jpg
118.61535263061523,64.21119371055822,0,255,126.95399761199951,68.81275066765124,0,255,4.601556957093024,8.338644981384277,be78bb12b31ef59665212f778a7ca895.jpg
148.70063495635986,62.4258394261834,0,255,140.25774574279785,67.27513011868106,1,255,4.849290692497661,-8.442889213562012,07d004fabfd7246f9ed4283dd5237deb.jpg
140.4320650100708,65.75654675812937,0,250,134.79297256469727,68.01086713163369,1,252,2.2543203735043136,-5.639092445373535,ecdaa71066f64d1f0592799186135925.jpg
94.46487998962402,53.0466847449912,7,246,108.7933874130249,59.1923616870972,2,253,6.145676942106,14.328507423400879,27ea40d58f6894394fc2990d739a8c0e.jpg
174.37552738189697,48.11377501884141,0,255,158.80118465423584,53.67824737938562,1,255,5.564472360544208,-15.574342727661133,7245fcab6a98659146972d983aa01c6d.jpg
159.7810401916504,68.44999756087742,0,255,149.37573051452637,71.26735982351416,2,255,2.8173622626367347,-10.405309677124023,be95363066a0f6e2d9644cc14b39d3e1.jpg
113.83726596832275,75.09531378562042,0,248,112.44925594329834,74.18315719812375,0,253,-0.9121565874966677,-1.388010025024414,3b84fad11366b42cf32c96c2d0fa84d4.jpg
138.98206996917725,60.97386921359621,0,239,136.18909454345703,64.74792733674298,0,251,3.774058123146766,-2.792975425720215,d5331c5488785e73b81760e5418a192d.jpg
109.50020122528076,69.45675669565726,0,255,114.54052257537842,75.91749035443705,2,255,6.4607336587797874,5.040321350097656,633440744a1f7413483909dc0af84de1.jpg
124.12273216247559,68.7206899906501,0,255,122.71357250213623,71.49057697731156,2,255,2.7698869866614615,-1.4091596603393555,afb6230703512afc370f236e8fe98806.jpg
131.59903717041016,64.59031124909309,0,255,131.31870365142822,66.39689349166645,0,255,1.8065822425733558,-0.2803335189819336,14f8770d112738119f0f31ee75e8fc41.jpg
125.50821876525879,76.99618344428961,0,245,123.90738773345947,74.05468834563324,1,253,-2.9414950986563753,-1.6008310317993164,a1e8167621dbbff8f8bf5714e43fd188.jpg
136.4647102355957,51.540679773385186,0,255,140.30705070495605,58.51743242851829,0,255,6.9767526551331045,3.8423404693603516,f034b173fe81cebbf8ba0b793c3d3eb1.jpg
143.53442859649658,56.61839086680594,0,255,140.74271392822266,62.91548265855461,1,255,6.29709179174867,-2.791714668273926,7f96d122bf50434dcfd3dd9b16d2c05f.jpg
96.8128490447998,41.07630464384887,3,216,114.63101196289062,49.012263224161266,1,238,7.935958580312395,17.81816291809082,7ea5d9e48085e44708b8fad8974ce953.jpg
153.30394077301025,49.11595194296623,0,255,152.7201442718506,55.34929541176918,2,255,6.23334346880295,-0.583796501159668,c2f51a2b9785c772ef611db089bf528e.jpg
105.97949695587158,70.2867457187392,0,255,109.36487483978271,76.44033486482043,2,255,6.153589146081231,3.385377883911133,813a6d586e217397402e45009ec068e3.jpg
151.09724140167236,83.72268925949909,0,255,148.31682682037354,81.02557201180176,1,255,-2.697117247697335,-2.780414581298828,40b51daeb48afacaaa3efca42bcaaf9c.jpg
123.04348468780518,60.396560548821945,0,255,127.53471279144287,67.43152793828473,1,255,7.0349673894627855,4.491228103637695,53b1a490cd7e3a30e94014bdfd314d14.jpg
144.46753787994385,62.05080429636265,0,235,139.42676544189453,63.72988682152941,2,251,1.6790825251667627,-5.040772438049316,92e5d2d36ee724738906a15a54647d0e.jpg
135.54158115386963,51.40572848088607,0,255,136.6831398010254,60.38141124610356,0,255,8.975682765217492,1.1415586471557617,19850eb0ba7a72faf4b329254ab42828.jpg
118.57575130462646,57.76281256788762,0,248,126.69780731201172,58.97626914888756,1,252,1.2134565809999387,8.122056007385254,ddf1ec27c68bb40da0bebdff2dd95175.jpg
152.94823837280273,75.37328560991432,0,255,146.69970226287842,76.317019240492,1,255,0.9437336305776824,-6.248536109924316,4085e7c5e44d4bc75213131a8a6aee47.jpg
142.18646430969238,62.874299609530176,0,255,139.379412651062,65.37416963310804,0,255,2.499870023577863,-2.807051658630371,90a27c3ac3327ddb800b2ae9bcc27ac6.jpg
160.31086254119873,83.91771910475076,0,255,148.1417999267578,81.11223176215779,1,255,-2.8054873425929685,-12.169062614440918,fd984c0e930169a20e6a2d02e1dab204.jpg
145.67611026763916,54.912497398724064,0,255,144.19275856018066,60.59107175383682,1,255,5.678574355112758,-1.483351707458496,d2de60c06501603f1d4842fa71808636.jpg
129.28540420532227,73.48697888036114,0,255,128.18264198303223,72.71634287145264,1,255,-0.7706360089084967,-1.102762222290039,b5585b9fe48edd5d89069a8d6ca07543.jpg
118.5640754699707,69.02898778630372,0,255,120.50189208984375,74.50615503017646,2,255,5.477167243872742,1.9378166198730469,013893a5fa90241c65c3efcdbdd2cec1.jpg
123.8613748550415,60.713861293878544,0,255,129.28010082244873,61.08379766024049,0,255,0.36993636636194793,5.418725967407227,30d24189cf005a9baf02929afd518832.jpg
146.90357303619385,80.22672193879782,0,255,143.08764934539795,78.9267491031222,2,255,-1.299972835675618,-3.8159236907958984,1d37efa5bcce26d6cc9a224f99db3f0e.jpg
120.28545379638672,49.18485405063784,2,225,128.98315525054932,52.350374022181434,1,243,3.1655199715435955,8.697701454162598,928886f988f5f5791937a0ee73ff0b25.jpg
110.19279479980469,63.44277439536618,0,233,117.63782978057861,63.553110336127,1,249,0.11033594076081954,7.445034980773926,c39440999e8b3e376911ab851a7c56f6.jpg
147.77811908721924,55.73669417140518,0,255,143.9712438583374,59.684986735979834,2,255,3.9482925645746505,-3.806875228881836,ba0d29d84db98416a0858ad30c4d41a7.jpg
173.4417371749878,65.2227467922977,0,255,166.28237056732178,65.30816508054215,1,255,0.08541828824445474,-7.159366607666016,389de59ab4c4dd2b0a4f94d33966b12d.jpg
152.80619144439697,78.68524713688612,0,255,147.07279872894287,78.19899748716301,0,255,-0.48624964972310636,-5.733392715454102,97f48290716a3cad241bf74f3ce47143.jpg
128.62409782409668,54.404600304853645,0,255,139.8755235671997,56.16100442689942,0,255,1.7564041220457725,11.251425743103027,f69a67703fe0e5e5bd9535025fbff414.jpg
111.95573806762695,66.65605274223246,0,255,115.70059394836426,72.94364833640087,2,255,6.287595594168408,3.7448558807373047,b76cca59757045fa3cedad238c878354.jpg
131.12232494354248,78.78217735332723,0,255,126.50964736938477,80.49227901658848,2,255,1.7101016632612556,-4.612677574157715,d07557904cbe57fc1bdebac1e8aeefa1.jpg
166.53802108764648,63.085234765454466,0,255,152.97568893432617,62.65718550718399,2,255,-0.4280492582704767,-13.562332153320312,99f45d9953ae4d119bdac3987dffb676.jpg
173.18328952789307,67.99062160750735,0,255,167.54551696777344,67.7061988706151,1,255,-0.28442273689225317,-5.637772560119629,26cff5d4eedc6c89172888ea18b09893.jpg
91.03495502471924,55.06157424437321,0,255,106.50643920898438,60.48519330485418,0,255,5.423619060480966,15.471484184265137,85cfc59f138f490784170dbaeb0112a7.jpg
129.83924102783203,52.173244326339336,0,255,134.13228130340576,60.11058811231673,2,255,7.93734378597739,4.2930402755737305,7b87ff45f630da27a103b7e587bc6fd1.jpg
98.87861919403076,44.058314694316394,0,255,115.98142623901367,53.52154038091219,1,255,9.463225686595798,17.10280704498291,551456e08a1327bdba41297c8ebb8c6f.jpg
154.59282970428467,74.39083307850099,0,255,145.11717700958252,75.40283837615836,0,255,1.0120052976573675,-9.475652694702148,9d8cf27d445accf16f4c577c3f05b2b3.jpg
162.02397346496582,55.16587247996697,0,251,150.34485912322998,61.7363102687827,0,252,6.570437788815731,-11.67911434173584,e1c76d9a72b804e14b4f93f3e23f1fa8.jpg
121.2644853591919,61.26065215676443,0,255,126.96651363372803,66.71199015831724,0,255,5.451338001552806,5.702028274536133,f90442f2620175fa21b6afeda865df11.jpg
139.67955780029297,54.93434414230306,0,255,139.14996433258057,63.925124903380194,1,255,8.990780761077133,-0.5295934677124023,4170940c52599e7c3bb9b4088bb3d884.jpg
160.67520713806152,78.61752141427279,0,253,150.74827480316162,77.50251465304251,0,254,-1.1150067612302763,-9.926932334899902,126ae7336c7776a82bf3c15c0c6751c0.jpg
145.37409591674805,60.714092538510734,0,255,141.2868947982788,66.9246510241928,1,255,6.210558485682064,-4.087201118469238,980cbaa4ca9127c95c7a24cfa7b08598.jpg
125.48457622528076,55.43353192387084,0,255,132.14546585083008,59.36642785927051,0,255,3.932895935399671,6.660889625549316,c0440c09698f89df168dc146af067fe7.jpg
161.6918182373047,80.29279429673669,0,253,152.62722873687744,79.3737945257332,1,254,-0.9189997710034845,-9.064589500427246,28439c0a4f24e1319b22dd12b8a56a14.jpg
154.3084840774536,56.90571593119528,0,255,141.65147972106934,62.72022176983179,2,255,5.8145058386365065,-12.657004356384277,ab37cbf66e86936027846e53ac03e3c0.jpg
140.3944549560547,63.768532494802606,0,245,137.38290786743164,65.6547958846878,0,252,1.886263389885194,-3.011547088623047,028fcc44d3104099480e897541a1ecc3.jpg
128.12438774108887,61.676843714955794,0,255,130.06770706176758,61.63534695089097,0,255,-0.041496764064824276,1.943319320678711,d055c6563b7d1059b2488cd239aa328e.jpg
160.0716142654419,41.87358090025831,0,255,158.62246322631836,51.554975168665685,0,255,9.681394268407374,-1.4491510391235352,0ffa24230f7064bcdb313507dce02ae3.jpg
115.83662986755371,61.80954353286864,0,231,124.63740634918213,63.70007404008531,1,252,1.890530507216674,8.800776481628418,1f6cae728b0bab822a84b2014feff03d.jpg
115.06646251678467,45.268720781408234,0,255,124.10599994659424,50.04693126371067,1,255,4.778210482302434,9.03953742980957,66396f621903b00a1b7e1f54c8e5e8b3.jpg
163.89008903503418,69.08323836375799,0,255,158.4533052444458,69.84393756805207,2,255,0.7606992042940846,-5.436783790588379,83ead8dbc31cd2bbe0ddc8a93c071520.jpg
168.73848628997803,43.45528507173603,0,255,162.41095733642578,49.029661351144334,1,255,5.574376279408305,-6.327528953552246,37969967243726a9e231291224502076.jpg
128.89712619781494,50.616570342162184,0,255,136.49311065673828,54.355855761353205,1,255,3.7392854191910203,7.59598445892334,a1375f9466915186308ef31e0766db3f.jpg
181.6150722503662,50.94497070901826,0,255,169.76537227630615,57.46905436776344,1,255,6.524083658745184,-11.849699974060059,969d1591fb0b4bf7041938b6fbcfbdc8.jpg
108.52184295654297,68.326254041736,0,255,115.46058368682861,70.70757828746306,1,255,2.381324245727072,6.9387407302856445,04aed38b30c4de9461c8a9940e99d811.jpg
165.80640506744385,54.706088789534085,0,255,151.91991138458252,62.77623558422215,1,255,8.070146794688064,-13.886493682861328,d617b24dad98aa3b1f2d645828095355.jpg
160.41281032562256,70.46828955986011,0,255,154.63414573669434,70.9431296298,0,255,0.47484006993988714,-5.778664588928223,1c4d23bf90d9e32947d50b5e01ce4d78.jpg
146.5086898803711,51.09168190056583,0,238,142.9503936767578,58.36238933721449,1,248,7.270707436648657,-3.5582962036132812,f4c12a07224893104dec25b926db33a1.jpg
114.0749340057373,68.41922909875933,0,255,123.83243465423584,72.60642202396467,2,255,4.187192925205338,9.757500648498535,8d74ba04415b33be3134b55c868016f8.jpg
151.27008152008057,51.86004731695286,0,255,150.33080101013184,55.65053640017654,0,255,3.790489083223683,-0.9392805099487305,8e1a18777633a830c6e5897e4dddb6f7.jpg
118.40780925750732,62.6453895803621,0,255,122.62090110778809,69.25822549219278,2,255,6.612835911830679,4.213091850280762,3d592a653c8fefc7c85a43cf64c3c0f0.jpg
137.06690216064453,56.73625254111349,0,255,138.98353576660156,62.81639100552925,0,255,6.080138464415761,1.9166336059570312,9e4888894ce1958ed9367866eaa9cb79.jpg
105.56424331665039,66.52926233072463,0,255,118.83193492889404,68.39709090033907,0,255,1.8678285696144314,13.267691612243652,226452107c14a6218e9c4d582025110b.jpg
173.0457820892334,50.55344067517641,0,247,158.24535179138184,54.407751110603655,1,250,3.8543104354272444,-14.800430297851562,75e726f1b8f916a9e805f1f1e326a02d.jpg
160.9061050415039,64.57551785775695,0,255,151.6533260345459,68.22526868751297,0,255,3.649750829756016,-9.252779006958008,e4b4d6910f4be64483f87b1325ce7fe3.jpg
165.22317790985107,52.39368572564451,0,255,161.03960990905762,55.291633427312945,0,255,2.8979477016684356,-4.183568000793457,9c41221ce46d36fc44d140e21c3f3da7.jpg
150.80597591400146,54.99910089446049,0,255,143.7728395462036,60.135456472755315,1,255,5.136355578294825,-7.033136367797852,a946684583c7bf346b18e1d69d17e9cf.jpg
154.3012752532959,67.6402001221764,0,255,151.19880199432373,68.59597262340397,1,255,0.9557725012275711,-3.102473258972168,7310cb76b0642a868c3eb66ce74e7d70.jpg
150.93004894256592,73.0537158143718,0,255,144.9017095565796,74.04027552077514,0,255,0.9865597064033409,-6.028339385986328,9b962decc3b730467e74a8fbfaa0d953.jpg
179.6118803024292,38.78590416488031,0,243,163.5867681503296,47.41401281473584,1,251,8.628108649855534,-16.02511215209961,1812172c7ad3771c05d1238bb3066217.jpg
131.88117122650146,67.96121867802003,0,255,129.0710210800171,72.85825961743281,2,255,4.897040939412776,-2.810150146484375,7e9efb8ee0bae7af280f5ea091f8d245.jpg
144.98767948150635,57.94011268223576,0,255,148.3539457321167,58.4066767541546,0,255,0.46656407191884597,3.3662662506103516,53d0c95f346e365f81fb95c5c6a6d027.jpg
122.17641830444336,34.329405696639206,36,226,126.9633264541626,45.66791855526546,14,243,11.338512858626252,4.786908149719238,47322c3b3510df3e395773eca7e06dc8.jpg
161.99342918395996,54.46402484690655,0,255,149.6988286972046,59.02779500533853,0,255,4.563770158431986,-12.294600486755371,fa7d454b6cb43448ed5a8da49df6ce05.jpg
138.64170932769775,60.81916255845015,0,255,136.92583751678467,64.20348960384491,0,255,3.3843270453947625,-1.715871810913086,d8b297c773294eb23707c0a7f693c5fc.jpg
145.3010377883911,48.308318744166215,0,255,149.4680633544922,52.942226703365634,1,255,4.633907959199419,4.167025566101074,2c5d9c4fdfc633cb9a6af8ead0c45f19.jpg
151.58398628234863,73.6277445468716,0,255,146.3531265258789,74.37135925556527,2,255,0.74361470869367,-5.230859756469727,bffb5303ac64552996db400e0f7058b0.jpg
163.1405439376831,71.75802389928393,0,255,154.63798427581787,73.65682327681245,0,255,1.898799377528519,-8.502559661865234,4127fa1e8bcb9931cc8b49367eecef78.jpg
150.8709716796875,55.77415438262251,0,255,146.6603126525879,57.627965420060626,0,255,1.8538110374381134,-4.210659027099609,417de085be6029490ca2690608d65e57.jpg
79.53504657745361,41.43055077733533,3,205,101.40001392364502,49.88820956228841,2,240,8.457658784953082,21.864967346191406,96f334aaa1d7d9cad160e710c9965615.jpg
135.53851795196533,60.124427335065455,0,255,140.63714504241943,60.931663692108735,1,255,0.8072363570432799,5.098627090454102,8f6709f15f4f222cf7af5bb49f73aa18.jpg
120.99207496643066,62.136605912503846,0,255,129.19623565673828,61.55018948837558,0,255,-0.5864164241282666,8.204160690307617,9b1d076abcb937c2e19f7c2e10dbcbc0.jpg
109.55915927886963,70.02223273595428,0,241,114.96809101104736,71.86147077096521,1,253,1.8392380350109363,5.408931732177734,b065d3b4da92b8015b47224341661fd8.jpg
114.85985565185547,52.38364507943665,4,222,123.89584636688232,56.472571019993126,1,245,4.088925940556479,9.035990715026855,afcbed04ed7232fb28279ef81f7c4bc1.jpg
108.2254056930542,64.4962768015147,0,255,117.91985321044922,70.67271680557036,0,255,6.176440004055664,9.69444751739502,508c4c30d17b6c425cecaaa7121c578a.jpg
104.93399620056152,64.79211094686028,0,255,110.3739128112793,71.39294394935378,1,255,6.600833002493502,5.439916610717773,cff98ac92877ed0954dad4fefb125d1e.jpg
127.47072887420654,76.34681587188118,0,255,126.46554183959961,78.53378779349148,2,255,2.186971921610308,-1.0051870346069336,3fcf06bf3f3395ba65a8b648b68e98d4.jpg
136.75684356689453,48.22262232235736,0,246,138.16868686676025,53.47081113193229,1,254,5.248188809574927,1.4118432998657227,208cddf534a1bc9c35f5faa6a6c51f94.jpg
150.4710636138916,81.29537005837709,0,255,144.47936248779297,79.69858358101096,1,255,-1.5967864773661233,-5.991701126098633,7d0e636b3ef2ccbb0c67b3243a1478ce.jpg
138.5802516937256,67.19245814863756,0,255,135.11058902740479,70.31980229405418,1,255,3.127344145416629,-3.469662666320801,7d24c1ef5bcdd03fc1b01c8e6086c9d1.jpg
128.83236598968506,68.39110476502049,0,255,127.57134437561035,73.2205272055246,2,255,4.829422440504118,-1.261021614074707,bc87c2265556912b25d36f2fef105a01.jpg
111.03306865692139,64.63166097659783,0,255,116.36778450012207,72.40828715407757,2,255,7.776626177479741,5.334715843200684,1981a0c4cdbb5d4eeb9c2572813a453f.jpg
132.14374542236328,62.618028534741065,0,255,134.5486249923706,68.45848218052093,2,255,5.840453645779867,2.404879570007324,2e6afc683a445f6e88ab4a101618f718.jpg
167.37590980529785,72.62088094006286,0,255,163.20019340515137,71.3199963507005,1,255,-1.3008845893623544,-4.175716400146484,e4be367babe3680af9278fa53a5f6224.jpg
149.65839099884033,55.36516815831576,0,255,146.57257175445557,60.0893282124522,2,255,4.724160054136441,-3.0858192443847656,f491935369d316678118cd07d5646de6.jpg
146.91313457489014,75.20030744407812,0,255,138.53402614593506,77.05710535267698,1,255,1.856797908598864,-8.379108428955078,7acb16c6d6f5cfc41a958e0b41e25106.jpg
93.0738639831543,69.03449370532499,0,255,103.4711446762085,75.46675109695707,1,255,6.432257391632078,10.3972806930542,62fad4135a04319bc5e499828b05ac70.jpg
142.91913509368896,62.821469464374864,0,255,138.67416858673096,67.19890447135971,1,255,4.377435006984847,-4.244966506958008,95d26610969ba722c1b4def95637e23f.jpg
101.6058521270752,69.06273503362101,0,235,110.73152542114258,70.02646226776265,1,252,0.9637272341416434,9.125673294067383,e3b834778550579c140f46805b019e78.jpg
107.01721286773682,70.16981949667712,0,255,109.95160102844238,76.85877473229381,2,255,6.688955235616689,2.9343881607055664,31a2b39d2a73f406dbef13c7cd023eb0.jpg
165.25368404388428,56.54053644370207,0,255,151.4841423034668,58.93487208277841,1,255,2.3943356390763455,-13.76954174041748,368befaff55745e30b3f200b298b2fd6.jpg
130.61758518218994,84.45766331959283,0,255,127.14803409576416,83.07524476342442,1,255,-1.3824185561684033,-3.4695510864257812,bc765f1145a3390f6b231f0d05193458.jpg
134.7116460800171,62.805229943113275,0,255,133.78164100646973,65.19312222788759,0,255,2.38789228477431,-0.9300050735473633,21d0e0bb639ebec0b2a2ce0c5c805344.jpg
145.84113597869873,61.57686038745836,0,255,146.3445701599121,60.82059706385021,1,255,-0.7562633236081524,0.5034341812133789,6acc13406eda521dedfca734ddbe3e25.jpg
120.54820823669434,60.021642986145714,0,255,129.50642013549805,61.93013858088262,2,255,1.9084955947369053,8.958211898803711,24c7e3233b6ebe3d1159f81ae97daed1.jpg
146.72225379943848,62.52459290742229,0,255,143.61957931518555,64.28564049568966,1,255,1.761047588267374,-3.1026744842529297,eeee9953810eee9388b3a0c5a4ad4ef6.jpg
121.65195751190186,63.312339016121435,0,255,122.45291805267334,68.22803504102646,2,255,4.915696024905024,0.8009605407714844,c249e006c2f7340f6fc550ede970e0d3.jpg
103.16364574432373,61.479403328147875,0,255,113.55645656585693,71.14875095091213,1,255,9.669347622764256,10.392810821533203,3db920cfa1955efefa82e2f46d2c7519.jpg
103.69412326812744,72.38857867706677,0,255,107.77431011199951,78.42064028282107,1,255,6.0320616057542935,4.08018684387207,38dc1745e9aedd829a5c4989ad2f0758.jpg
120.60939407348633,74.18031083136626,0,243,121.45825481414795,71.71134999438758,2,250,-2.468960836978681,0.8488607406616211,0d3b1464574b7db3d664dc0aa0b66549.jpg
170.57023429870605,66.27234750319107,0,255,162.89625644683838,67.756551429065,1,255,1.4842039258739277,-7.673977851867676,f591f6e017545ab779d1e88735340128.jpg
138.71085166931152,76.83762534066642,0,255,137.71373653411865,77.00690374501218,1,255,0.1692784043457607,-0.9971151351928711,be85b7d55e0ef589729ef4dd6ffc38fb.jpg
111.83527278900146,51.449785842612705,0,255,123.80349445343018,54.91306837805575,1,255,3.4632825354430423,11.968221664428711,1a414a1cb6b545c2ee4de4abede481c7.jpg
96.3367862701416,59.7402743582389,0,255,114.26726818084717,66.80034733774087,1,255,7.0600729795019745,17.930481910705566,e312a8c1788a0b47d0ce8c1321a912f9.jpg
129.36764907836914,64.58662330455537,0,255,131.79124546051025,69.36754408404401,2,255,4.780920779488639,2.4235963821411133,98e2d03f7e9ba87b4922b35347866fc4.jpg
163.4462833404541,66.6304925966628,0,255,153.71478843688965,69.68673384664332,0,255,3.0562412499805163,-9.731494903564453,665ba9b5664d7055c1d0ac1a44ea1ea9.jpg
159.3016471862793,72.58512502689979,0,255,150.39699459075928,73.70020067925701,1,255,1.1150756523572198,-8.90465259552002,8e8108b7709b8f9f60eabe001816dbd4.jpg
152.44925117492676,56.399617890592324,0,255,144.05291271209717,60.997486854156776,0,255,4.597868963564451,-8.39633846282959,6398a304dcec08b7e3f31d0bdd6358a5.jpg
126.59431838989258,66.72321657983416,0,248,130.36434364318848,66.99960547249825,0,254,0.2763888926640874,3.7700252532958984,6a770deeb23778c30bbf5dc7d00f75c4.jpg
152.66807174682617,64.83814967011891,0,255,146.78090858459473,68.23465368461805,1,255,3.3965040144991434,-5.887163162231445,3167f8c1907895bbfcd0effb6b25ce5a.jpg
142.03727626800537,50.72478527685922,0,255,146.9609775543213,54.91366816475475,0,255,4.188882887895531,4.923701286315918,5e02cde47ed2fd338141e3dcff3139b9.jpg
165.43850994110107,45.10166183194281,0,240,151.84890270233154,53.221553794464924,1,252,8.11989196252211,-13.589607238769531,1bc4c3008d6a7144722daa35a7ff2b00.jpg
147.23515033721924,62.21392232788451,0,255,140.3206787109375,65.56108434917466,0,255,3.3471620212901527,-6.914471626281738,965d2c73cfa52a84d2f432118434037e.jpg
128.7581262588501,51.53721688906521,0,226,128.0262794494629,58.95884279189713,1,250,7.42162590283192,-0.731846809387207,e82cedee4afa9651a7bd0d57a23280f2.jpg
128.3364486694336,49.58605083467422,0,255,135.9363784790039,57.65860001801481,1,255,8.072549183340591,7.5999298095703125,d571f85ab9434bcb8bc11bd175453c96.jpg
137.35683345794678,87.36184105239401,0,255,131.83684635162354,84.43792443743793,0,255,-2.9239166149560845,-5.519987106323242,c18362ca7e7d5df7a4dd8db31dfed194.jpg
156.2974338531494,57.62260373886364,0,255,149.3908395767212,61.8862927943413,2,255,4.263689055477663,-6.906594276428223,c699f16ba0b86f474390da9515bcad7a.jpg
124.03591823577881,49.711261448685924,0,255,134.51250743865967,54.02379659528619,1,255,4.312535146600268,10.47658920288086,8cb084ad48ad4a21e15bdb8f4567ed8f.jpg
141.35633182525635,80.6553815084474,0,255,133.86709690093994,77.73705499068683,1,255,-2.918326517760576,-7.489234924316406,e64adf704d7234993a79be4637514d0b.jpg
132.28224182128906,61.597351603490885,0,255,133.76257228851318,65.6834094918791,0,255,4.086057888388218,1.480330467224121,4ffd7c077cbf6ac90d95669b7cb314cc.jpg
148.13537406921387,52.30650406114603,0,255,142.7998285293579,61.094880638561506,1,255,8.788376577415477,-5.335545539855957,231a4b73de5ac7e0218f736b6b6ff1f2.jpg
138.94626235961914,59.90382218745125,0,255,139.30926322937012,65.75390060998146,2,255,5.85007842253021,0.36300086975097656,e3d5edcf6b873d7738cd50ccaf6182ef.jpg
147.76662349700928,59.070937481322524,0,255,143.50237846374512,62.39107587642803,1,255,3.3201383951055092,-4.26424503326416,4e3a3b03cf00a9060ac139f57843a241.jpg
139.60489177703857,75.99142882845595,0,255,132.6286449432373,76.57302542801172,0,255,0.5815965995557661,-6.9762468338012695,b7531cbe38186e2d9aeb1b5de83984b3.jpg
139.1548948287964,84.44090215088563,0,255,133.05138206481934,83.3304388425628,0,255,-1.110463308322835,-6.103512763977051,3fd5a48543be08bc92fbcaa0971cf50e.jpg
125.38489723205566,42.22178956093272,0,255,131.35348510742188,53.12420230602307,1,255,10.902412745090352,5.968587875366211,81314db8b8a964015628efa277e1d7db.jpg
144.77585124969482,63.905172905088975,0,255,140.14914226531982,66.3039957868327,2,255,2.398822881743726,-4.626708984375,a3f5ac68c8d1b1805be21f18c47fc186.jpg
144.8079071044922,66.2346561000669,0,255,140.21480655670166,67.04326419717525,0,255,0.8086080971083476,-4.593100547790527,6c4b78e706f33af6d0561c990df490b0.jpg
143.5019474029541,58.76976250583648,0,255,141.4634189605713,65.23438724229531,1,255,6.4646247364588305,-2.0385284423828125,052cf8f6cb59da96df7386adf8d5f6a0.jpg
132.2303981781006,67.0022553313708,0,253,130.71185398101807,64.95440134972401,1,255,-2.0478539816467958,-1.5185441970825195,5eaf3a8e7bc9dd931af72662081f009b.jpg
152.09033012390137,77.45063207398789,0,255,145.81881999969482,76.6136637122223,1,255,-0.8369683617655852,-6.271510124206543,8fd4e7599250d006e579f1ffcb28b1b1.jpg
120.2286148071289,62.93566548238184,0,255,123.31154346466064,66.96435523138368,1,255,4.028689749001835,3.0829286575317383,5d5a37ba110538a40cbc037126af47d3.jpg
104.56476211547852,69.38734272718774,0,246,112.40886402130127,69.97220207290543,0,253,0.5848593457176889,7.844101905822754,9259faeeda26a934fb32c74b8682e15f.jpg
124.6753978729248,69.12488606375614,0,255,126.83471870422363,73.4235929597764,2,255,4.2987068960202635,2.159320831298828,b7d87f19a1daba2fa97a0eae0a033a9c.jpg
150.18062210083008,82.60706400659087,0,255,147.95174598693848,79.04060414265965,1,255,-3.566459863931229,-2.2288761138916016,b27c879787934c51d42095098dd313b2.jpg
134.2319803237915,63.706011207499266,0,239,128.360595703125,64.30402326883849,1,252,0.5980120613392259,-5.871384620666504,43e11813c6d7bcef779a1a287edc02c4.jpg
145.25054168701172,79.99902524170875,0,255,140.3451280593872,79.69306586224462,0,255,-0.3059593794641273,-4.905413627624512,7e534f2dc65f7cef4f864325433017dd.jpg
130.6729040145874,49.17744397278583,0,255,137.32412242889404,52.9039961800212,1,255,3.726552207235372,6.651218414306641,5fac617f1ce097354f1a28e8fa5036e5.jpg
160.04481029510498,56.09046409991206,0,255,155.99670696258545,59.311430408968505,1,255,3.2209663090564433,-4.048103332519531,ff335f1c7745c6184a5732cc5a01092d.jpg
159.06320190429688,70.1510612725864,0,255,152.45712852478027,71.74028593195476,0,255,1.5892246593683552,-6.606073379516602,371f686aebbbe6929b4bd3b86ab58873.jpg
145.06240463256836,61.526503988640265,0,255,139.57649517059326,64.97435059471223,0,255,3.4478466060719697,-5.485909461975098,c42997b00e59f4523788aa9fbe1f7526.jpg
114.31276416778564,76.07441597902603,0,255,116.21315670013428,80.1953535753878,2,255,4.12093759636177,1.9003925323486328,6b6f79dad019a4dee92fa35456f75a48.jpg
100.73245811462402,66.04165394379656,0,255,111.65644454956055,67.92389880556118,0,255,1.8822448617646188,10.923986434936523,8ae85268313b0db2f58d2193aab645c9.jpg
144.58229064941406,59.303419129933864,0,255,138.77402305603027,64.67884548994655,1,255,5.375426360012689,-5.808267593383789,945b4e002f3a1cc5b5616dc54545d914.jpg
117.73706817626953,71.26916041919303,0,255,119.28934001922607,74.79107204060183,1,255,3.5219116214088046,1.552271842956543,69e956035a447c4d4f4d28e13ed92dc4.jpg
98.07973289489746,43.131667219968854,0,255,117.92277145385742,54.9489194875905,1,255,11.817252267621647,19.84303855895996,92e79511cf61feac9fb92f92325c0a19.jpg
157.3549108505249,66.1489947115924,0,255,153.19480991363525,65.62747099516451,1,255,-0.521523716427879,-4.160100936889648,0f389422bffe0f96dc3da175550e0c5b.jpg
151.90100765228271,72.74579715383574,0,255,145.81184101104736,74.247218413347,1,255,1.501421259511261,-6.089166641235352,6314692e3a4f5fc017e052dbd1cd683e.jpg
77.50088691711426,42.20193170373953,6,203,98.24489402770996,53.82984603688527,1,235,11.627914333145739,20.744007110595703,7c522cd5b56c3fb87c066171a88cf481.jpg
166.0404920578003,64.54728708385613,0,255,157.47715950012207,66.96250725490317,0,255,2.4152201710470393,-8.563332557678223,83bf2acb96d1e39c553401a9c994eff1.jpg
150.453537940979,55.44297901430637,0,242,144.87764644622803,59.08834649072278,1,251,3.6453674764164106,-5.575891494750977,5170326726acc5b2f50c4426417f3b23.jpg
94.21647644042969,42.06364423014367,5,200,112.5916976928711,51.410284071523456,2,237,9.346639841379783,18.375221252441406,22672ab82c290c20b86863291e25ef6c.jpg
163.90349006652832,49.37244811779278,0,255,157.76119995117188,56.477065271317905,1,255,7.104617153525126,-6.142290115356445,3441c644b35ade894f7a773095219d4f.jpg
144.7509651184082,54.68498624439673,0,255,142.9972734451294,59.6095781451705,1,255,4.92459190077377,-1.7536916732788086,c439d7071a6929d38db1b86e577806c3.jpg
137.65440845489502,86.59321688171772,0,255,133.27894592285156,83.55899441902255,0,255,-3.034222462695169,-4.375462532043457,20e27597c972c6e7fdb4d1e7638e227e.jpg
137.8672742843628,78.64757995449573,0,255,133.78987503051758,78.8095438944791,0,255,0.1619639399833801,-4.077399253845215,c405835a086b2f7d7c9ef3976b69e677.jpg
154.07386875152588,57.871853187550116,0,238,149.32108783721924,59.38072234469503,2,251,1.5088691571449147,-4.752780914306641,81b8689df47e19fee5d5a2b104a3f8b1.jpg
117.53040027618408,64.15472620585943,0,255,127.44745349884033,66.76458202873384,1,255,2.609855822874408,9.91705322265625,0b0e106a53f9dc3b28a9b15f94510b7a.jpg
161.3126344680786,68.13662486752894,0,255,152.55022525787354,70.84362606437753,1,255,2.7070011968485943,-8.762409210205078,1d2c0ac10d4b141cda8b549c34848b4f.jpg
122.33913993835449,62.47481564352975,0,255,128.38805103302002,67.34217425949946,0,255,4.867358615969707,6.048911094665527,5a43f10c267152bdbf23851b50c1c52d.jpg
123.91811084747314,70.23567301652339,0,255,129.6371612548828,71.14003785706703,1,255,0.9043648405436358,5.719050407409668,16edfb76036ad3b10d9479e16ad7e92a.jpg
103.50817680358887,57.24719664437515,1,252,117.50096416473389,60.282277361203825,0,255,3.0350807168286735,13.99278736114502,d99ee7158fccfc6add49cd6b8389fb55.jpg
155.00310134887695,69.18555033426921,0,255,151.53195667266846,69.8422899689377,0,255,0.6567396346684973,-3.471144676208496,6a4f9965e83bfad45d66d4afa5d28cc5.jpg
153.66170978546143,58.80185128496198,0,247,150.45763778686523,57.07869219365151,1,249,-1.723159091310464,-3.2040719985961914,b0bef1b57611726c4b0c636264fe5061.jpg
108.32100677490234,68.64436677906978,0,238,114.98349475860596,66.62973363026855,0,252,-2.014633148801238,6.662487983703613,642617909307cc0ba39930495ed65a41.jpg
91.47154903411865,54.148795689343466,0,255,110.08180904388428,56.68886544476606,1,255,2.540069755422593,18.610260009765625,15edc6ae9aebe34220472aa7fcf34b08.jpg
87.03132724761963,38.05906210635336,4,255,107.95124912261963,44.27308236921755,2,255,6.214020262864189,20.919921875,cde6b59dc5447237fd9f9b264567a653.jpg
160.40076637268066,58.912049384706854,0,255,151.4807424545288,61.74292615096932,1,255,2.830876766262463,-8.920023918151855,ac1d94eefdeeb76ee96e56b8856f7209.jpg
112.52855777740479,59.25590516965552,2,254,123.57833194732666,60.685577315361456,1,255,1.4296721457059363,11.049774169921875,ede72bdbae3f743b8febe5433c49d126.jpg
149.84098625183105,63.7470228088336,0,255,142.2983751296997,65.69885970648461,1,255,1.9518368976510132,-7.542611122131348,ad86f42123384e2441cce36347aa7d1a.jpg
170.30156898498535,51.21267195344016,0,240,158.36004066467285,57.35608474200405,0,251,6.143412788563893,-11.9415283203125,8f186efb51af999168f501bda156eda5.jpg
116.55398559570312,74.8086347608166,0,247,115.77229118347168,73.20932168837489,0,250,-1.599313072441717,-0.7816944122314453,0a4fbc9ade84a7abd1680eb8ba031a9d.jpg
123.15682220458984,58.063189648466725,0,255,125.91523551940918,63.81606137046079,1,255,5.752871721994062,2.758413314819336,70485d0ffe6e2b1d90b6127c5c023f18.jpg
129.10321807861328,57.216954039016954,0,255,133.21441173553467,60.21195561080128,0,255,2.9950015717843286,4.111193656921387,a9ed4b5aaf129325369ebae1cfd5e321.jpg
132.07090854644775,62.15546354013458,0,255,133.49967098236084,66.3176224687682,2,255,4.162158928633623,1.428762435913086,083a89dfc9a74a3f809035f886634ee2.jpg
90.3904914855957,55.0874109054643,0,255,107.38235664367676,56.40158458870316,1,255,1.314173683238856,16.991865158081055,56fc900d3d2f8bfec66a7b5577cf2b59.jpg
174.81769180297852,49.24674742008964,0,255,162.25787925720215,53.40151586829147,0,255,4.154768448201828,-12.559812545776367,0b5213c456c26b48ca011b9865c4e6ce.jpg
108.93608951568604,67.91054527323676,0,249,115.43772983551025,70.71053933784532,1,254,2.799994064608555,6.501640319824219,30a08276cab4bd3ba231b2307341b987.jpg
155.7769317626953,72.02958065885237,0,255,146.98731136322021,73.33338880507885,1,255,1.303808146226487,-8.789620399475098,cfcd11e1470297208eb39c9e82d6618a.jpg
134.2295846939087,62.56910167294263,0,255,132.07143211364746,67.34636314325967,2,255,4.777261470317036,-2.1581525802612305,6544852e523b70450c51b767f71eb275.jpg
138.71960067749023,53.213010154674706,0,255,138.27000617980957,58.396159462766676,0,255,5.18314930809197,-0.44959449768066406,21f596b4f75fd3d0ff54f55ad760272b.jpg
147.0194435119629,58.71188054110806,0,255,140.5984706878662,62.820990407147704,1,255,4.1091098660396455,-6.42097282409668,b4a7269d3fcbed43638a44892088ac4a.jpg
121.82200813293457,73.27893169423122,0,255,121.63513088226318,76.36001986067743,2,255,3.0810881664462073,-0.18687725067138672,5325bdc682cf5b460a489405dc2369f0.jpg
156.29968166351318,52.87184322424304,0,255,156.16960430145264,56.66775813319404,1,255,3.795914908951005,-0.13007736206054688,d00773ee4a01cc570b35d2f86a22d961.jpg
159.1385612487793,56.380946859930575,0,241,149.52502918243408,58.88430891619139,1,252,2.503362056260812,-9.613532066345215,a6541e2d7a4e09d6c1bdee83632bf781.jpg
167.2879819869995,54.67112161262954,0,255,157.9773654937744,57.44059737422717,0,255,2.7694757615976258,-9.310616493225098,2bcbeee6ac875c40fd3adc070a35f46b.jpg
135.8779296875,69.96920970443723,0,249,131.4216184616089,68.57312215903212,1,253,-1.3960875454051092,-4.456311225891113,9a44147b1b764d0cbd57a317bd22e48c.jpg
151.54272079467773,68.58257142676482,0,255,144.4782600402832,71.75257849240903,0,255,3.1700070656442136,-7.064460754394531,eaef6aa0bc70059db2c376b924d29ba2.jpg
178.44772338867188,63.823622795493826,0,252,165.49230480194092,65.65610429625025,0,253,1.8324815007564226,-12.955418586730957,6c6266968277d8d98717a106dfb716c3.jpg
122.40749073028564,55.729758230055886,3,245,128.70619583129883,56.64116296541155,1,251,0.9114047353556671,6.298705101013184,86d9b86fe05cf159ca827fad05736c4d.jpg
136.83738231658936,51.7721869588222,0,237,135.57003498077393,58.4531598397991,0,251,6.680972880976896,-1.2673473358154297,5156d69e540648eb952371ec5c80bc81.jpg
148.7615623474121,73.61029053342762,0,255,144.19089221954346,74.01067568516345,0,255,0.4003851517358328,-4.570670127868652,5a41618b987898b085e2411532f7b9f7.jpg
139.4718770980835,49.55302064047098,0,255,141.68363189697266,54.35627291950493,1,255,4.8032522790339485,2.21175479888916,1f897eadcbbca4e2104e7a2d7fd3e0f9.jpg
128.78087043762207,62.0237769535917,0,255,129.93697834014893,67.30891793115659,1,255,5.285140977564886,1.1561079025268555,fa3b6b158acb587e7cfac000b3737a39.jpg
116.88145446777344,66.4711958256567,0,255,120.38981246948242,72.52112121027693,2,255,6.049925384620238,3.5083580017089844,1aef7fa409ee0cb4579032577e02e9cb.jpg
134.67611694335938,68.4004107728681,0,248,131.13010120391846,70.59887061028695,1,253,2.198459837418852,-3.546015739440918,47188d0c91088558e62b52f1c9f06b0d.jpg
155.47399425506592,74.59880806817841,0,255,147.1107997894287,76.89440744362135,0,255,2.295599375442933,-8.363194465637207,18a61a07e6f5f13ebfee57fa36cd8b6f.jpg
146.40319061279297,58.48761049685757,0,246,141.8062858581543,61.992770896497255,0,251,3.505160399639685,-4.596904754638672,98617a2bbd11c4afa7be664889cdd6de.jpg
118.61558628082275,55.2265655981854,0,255,128.03228187561035,61.930309053430314,1,255,6.703743455244911,9.416695594787598,401aee86de220c3e1fd9baae09f6f7e4.jpg
118.47433567047119,76.88613342888593,0,237,118.24601173400879,76.93660809518892,1,251,0.050474666302989135,-0.22832393646240234,34557d39d42d74a3355d509f340cfc8a.jpg
126.37322998046875,65.91897376776417,0,255,128.53684043884277,68.56315738257707,0,255,2.6441836148129028,2.1636104583740234,3929f29e01d98f3666da7114c4e554ed.jpg
145.04210090637207,60.21398022731362,0,247,140.69164371490479,63.73181572626329,2,251,3.5178354989496725,-4.350457191467285,53023065af5f5dbdc581ae1d01c707ba.jpg
117.47340869903564,47.53982336764529,0,255,125.93646907806396,56.52999494232211,0,255,8.990171574676822,8.46306037902832,17dc4a83558d835efd5f7d6f110f07f3.jpg
112.05772304534912,72.12219109311425,0,255,117.01600933074951,77.34474763015754,2,255,5.222556537043289,4.958286285400391,da95c308ecf6b869be4930aa124c0d7e.jpg
133.9789695739746,62.86854101595901,0,233,133.5151605606079,65.49218650247293,0,250,2.6236454865139223,-0.4638090133666992,865a0a1a1781b55fa40887566aa9cd67.jpg
121.79973030090332,75.19443466515138,0,248,120.74379062652588,70.76101993070722,0,250,-4.433414734444156,-1.0559396743774414,d2e80d6cae14b72a824f1ac625d23472.jpg
104.94076824188232,69.75065531935354,0,255,109.27428436279297,74.23056434560054,2,255,4.479909026247,4.3335161209106445,81e1bdd75db3ed8260cd2a8a206107a4.jpg
104.09996795654297,41.51910343274036,0,255,120.84423542022705,48.13792049622924,1,255,6.618817063488883,16.744267463684082,0d30dc1e0070e7a934f39452e3ad3b83.jpg
135.3500576019287,62.461033195391025,0,255,132.77880954742432,67.86850765919827,2,255,5.407474463807247,-2.5712480545043945,3ea334ae927f1feeaf80e59b5d937c31.jpg
131.89929962158203,58.64095630014991,0,255,134.52193641662598,65.31096281163576,1,255,6.670006511485852,2.6226367950439453,a4ce4aaed43f660e1055d6f30e4da63f.jpg
150.6148500442505,58.91973706950753,0,255,146.4170093536377,62.604999081724344,1,255,3.6852620122168105,-4.197840690612793,1e584da1fcf0c0297a22f0e36ce86732.jpg
130.03282642364502,65.00409614481008,0,251,133.76867866516113,64.94221757863481,2,255,-0.06187856617526677,3.7358522415161133,2ceaa4c6e93b4496df1831cccc3e433a.jpg
158.50595474243164,59.92137189009695,0,255,156.75990104675293,63.97727071114925,1,255,4.055898821052303,-1.746053695678711,c683b3808de205ecfd3d3e09f4de44a2.jpg
126.52868938446045,60.632736176021794,0,231,129.36083698272705,60.39807446892885,1,253,-0.23466170709294687,2.8321475982666016,25673b843469af61ad711cdd1d920a8b.jpg
147.0177755355835,86.32029878756538,0,255,142.12293148040771,82.64476843638703,1,255,-3.6755303511783524,-4.894844055175781,5d2a481a562112395f28010b079a9cf1.jpg
151.01080322265625,71.56821395264917,0,255,145.06503772735596,73.53794647878892,1,255,1.969732526139751,-5.945765495300293,131adb006bb6b9dcc365b3e645f8a47e.jpg
63.461158752441406,34.25376222752135,0,255,84.90929889678955,43.20656773889117,2,255,8.952805511369817,21.448140144348145,e7a58f5647d24fc877f9cb3d051792e2.jpg
150.61392211914062,69.08466259902983,0,255,141.03934288024902,69.1684884168782,2,255,0.08382581784837839,-9.574579238891602,2fdd72337c9a875cf679564355b4bef2.jpg
113.15536403656006,50.876810950676074,3,217,124.74289417266846,54.91029002224787,1,245,4.033479071571797,11.587530136108398,aa1ebd488f7f3cab0aa784073b0a9d70.jpg
124.76819705963135,88.66901048663512,0,255,118.46238899230957,86.58493316873107,1,255,-2.084077317904047,-6.305808067321777,b71274108d1bfb8bf7a96b8f512da72b.jpg
104.06487464904785,59.552962676089976,0,255,115.39329528808594,67.32905997606066,2,255,7.7760972999706865,11.328420639038086,5fb44599ac9e8866dc107e366467cafc.jpg
155.07062149047852,58.05182412685802,0,255,143.99631786346436,62.21985154133958,2,255,4.168027414481557,-11.07430362701416,cce1682c4fbfc0f04fb84136651a3813.jpg
127.30107402801514,64.95367516735297,0,255,129.5931568145752,66.90560724808331,1,255,1.9519320807303444,2.2920827865600586,b305ccbbf99b1f59b9a7edffd46659f1.jpg
141.6533441543579,75.3112408629039,0,255,136.01639366149902,76.21637370962763,0,255,0.9051328467237312,-5.636950492858887,f09f740821c6160878d713149db4adf6.jpg
164.43483352661133,68.92885087154701,0,255,160.31899452209473,68.81237335278179,0,255,-0.1164775187652225,-4.115839004516602,84b3b3b5c73b0798b732b4f34f84ca05.jpg
142.775372505188,65.74131564138806,0,255,139.25597953796387,70.52997099162204,1,255,4.788655350233981,-3.519392967224121,2dd5e1ec060f1389e24a4caffa6d534e.jpg
165.01691150665283,61.25836882041594,0,253,150.47257900238037,63.58094972621158,1,254,2.3225809057956397,-14.544332504272461,0ecc5a44cb8163dedbdf8d9049e92344.jpg
119.43511867523193,65.18756441406718,0,255,120.14007377624512,70.71472261851902,2,255,5.527158204451837,0.7049551010131836,bb6c5c14ec3550cf81d67c8298ea5f41.jpg
132.53641891479492,62.90157527948162,0,255,131.47290897369385,62.16016102468964,0,255,-0.7414142547919766,-1.0635099411010742,01546d3e6175ceaabd7d92f0c566579d.jpg
106.22129344940186,47.10251452749843,0,255,119.04385662078857,56.32187843058658,1,255,9.219363903088151,12.822563171386719,2e1571fc9e41f68fcc84b6094d664416.jpg
108.80553245544434,53.76287784532441,0,255,119.4088659286499,61.930553451972735,0,255,8.167675606648324,10.603333473205566,4b001bab36d94f73c1ead3ab74690dbc.jpg
103.65342903137207,53.35384113915536,0,255,117.23898506164551,56.68317806316205,2,255,3.3293369240066966,13.585556030273438,b75bba1e9dfb84fe1bd84c88c638c339.jpg
180.2484016418457,65.29917080544897,0,252,166.54922199249268,67.03518829873309,0,253,1.7360174932841232,-13.699179649353027,8573fa95ec3defbe2dec45d85a5093a1.jpg
131.66508102416992,59.1636669224772,0,255,133.34636306762695,66.84873328974064,1,255,7.685066367263438,1.6812820434570312,d547ff1995b2b5cd7904cb0052857dd1.jpg
130.55524826049805,66.11999019226494,8,248,126.38004398345947,64.38317584792078,3,251,-1.736814344344154,-4.175204277038574,9e104788d948797f70790dce9067c277.jpg
176.6623296737671,44.51797654870539,0,255,164.16643810272217,54.24045121605687,0,255,9.722474667351477,-12.495891571044922,cc9a84f1f3942ceb845c5f174e5b70cd.jpg
134.78166103363037,60.25742040648569,0,255,133.4255723953247,63.79610739530083,1,255,3.5386869888151367,-1.356088638305664,b01037a08ba72220deddf845bfd02466.jpg
125.18621349334717,68.06012981018125,0,242,125.5461483001709,70.652844764172,1,252,2.5927149539907504,0.35993480682373047,b821bbaa6723f749a915b00b94a69977.jpg
142.84152507781982,87.83219233134353,0,255,139.61046886444092,85.32460724063226,0,255,-2.507585090711274,-3.2310562133789062,ed6f20cff422347c954f41eac82fac8b.jpg
108.5989875793457,50.45334904223927,0,244,122.93060493469238,55.97459605497312,1,250,5.521247012733852,14.33161735534668,26be9cde1a3d1a38f19c6753cc9ed40d.jpg
168.82298851013184,61.92418832395115,0,255,158.6194305419922,65.97170068076694,0,255,4.047512356815794,-10.203557968139648,b5eb86bdfcbce8d8536e608124d0f9ed.jpg
173.67039680480957,46.35803834291313,0,255,161.2262020111084,53.286603294172565,1,255,6.928564951259432,-12.444194793701172,d754c0b8f318f683355ec2b11954abb4.jpg
146.4152708053589,85.0698191739441,0,253,140.82356643676758,82.26758216542584,1,254,-2.8022370085182615,-5.591704368591309,0c5ff01c7bfb4362fcd98f36e555b08c.jpg
124.6399507522583,71.05428003206815,0,255,124.8929853439331,73.22651422513071,2,255,2.1722341930625646,0.2530345916748047,be1bb194dfb986bf7554b491852b8901.jpg
117.88974094390869,71.15903577950617,0,255,124.62520599365234,74.80420330928257,2,255,3.6451675297764012,6.735465049743652,d7210d8d2f377ab74e46acfb4a158e79.jpg
110.39542579650879,62.817583529516654,0,255,119.18362140655518,68.57656984684988,1,255,5.758986317333225,8.788195610046387,c00a2b726b1d7854efc73ef3611c7591.jpg
118.06059074401855,73.3603185521274,0,255,118.25299549102783,74.3518029018805,1,255,0.9914843497531081,0.19240474700927734,83e7cd905776606181931c7b695db12f.jpg
168.91059398651123,55.93461474666132,0,255,158.72813034057617,57.81849717235497,1,255,1.883882425693649,-10.182463645935059,7d5de314c3280fe6e89ec1e101c1539e.jpg
150.96160221099854,78.24910625270218,0,255,146.21065139770508,76.93004572958262,1,255,-1.3190605231195605,-4.750950813293457,b6e87644b798ae36a29fc57cccf14f8e.jpg
128.5670680999756,69.41745315106165,0,255,130.96465873718262,72.20461375061338,1,255,2.7871605995517257,2.3975906372070312,3b2087f26637d64244ec11da41770aad.jpg
143.9452838897705,82.09628538678403,0,255,141.66269302368164,80.78455844631762,2,255,-1.3117269404664142,-2.282590866088867,8a67f8e2673ceb7004824904b6e72055.jpg
121.46883392333984,57.144302107923394,3,250,126.39352798461914,61.72849766525678,1,254,4.584195557333388,4.924694061279297,f3bdfeef73cd67f5583466d3df2829df.jpg
143.896897315979,81.77564403350155,0,255,138.2971248626709,81.71395815844507,0,255,-0.06168587505648304,-5.5997724533081055,52951d7de2485aba8ed62629eee4d254.jpg
142.381498336792,55.679000764363764,0,255,137.6321029663086,58.2379619217113,0,255,2.5589611573475395,-4.749395370483398,dab8bef96e96c74e44e44b513760086b.jpg
119.9631986618042,64.26366155282253,0,255,122.70635223388672,71.39219951553332,1,255,7.128537962710794,2.7431535720825195,5b1ca661c257f3ab27cb8d43b7770fab.jpg
151.37385749816895,55.75091433208335,0,255,149.1530055999756,54.453539810571506,2,255,-1.2973745215118413,-2.2208518981933594,35e38672875ff60d5a131d91b4db5a6d.jpg
179.8717041015625,51.79202403933126,0,253,164.06274890899658,55.61963825153136,0,254,3.8276142122001033,-15.808955192565918,846a659d3d5f0c9bc9a7f917dea9da79.jpg
163.4934024810791,73.02345131964815,0,255,157.23748588562012,73.8677822323652,0,255,0.8443309127170551,-6.255916595458984,c8a782d151fc7bc3305ec970901b7bfe.jpg
128.1179141998291,65.18568024954543,0,255,128.38856983184814,70.07660721658247,1,255,4.890926967037046,0.27065563201904297,2c8f7823a733497e98add3125db370cf.jpg
164.1055850982666,65.69965121854122,0,255,152.84712028503418,67.15491274066771,1,255,1.4552615221264915,-11.258464813232422,b9bf0f1b540eaf41cb590ee0a15fe0e7.jpg
143.4138469696045,65.38931643623539,0,255,143.24925231933594,68.16049236692466,0,255,2.7711759306892674,-0.1645946502685547,d04d4c8e2d4a4338994e37f3eec158ca.jpg
146.52230834960938,76.69138700129491,0,255,142.6466817855835,76.02623027165232,0,255,-0.6651567296425895,-3.875626564025879,ee387adc8e34dcbb696539dcbb626a9d.jpg
143.29457473754883,57.928658647836286,0,240,140.6039752960205,61.673751612990685,2,252,3.7450929651543987,-2.6905994415283203,e2aac840e7e6f54e6fe0003c60c51c57.jpg
162.70245265960693,73.48522201158463,0,255,156.65615367889404,70.45363869751321,1,255,-3.031583314071412,-6.046298980712891,835b1552b7be3350d697503504211aa4.jpg
148.8801622390747,74.58392529013739,0,255,141.501389503479,75.9188563939929,0,255,1.33493110385551,-7.378772735595703,35d86694979dba2c3cade3f87924385a.jpg
151.17916584014893,69.20130990236193,0,255,143.5238437652588,71.26124486601239,0,255,2.0599349636504627,-7.655322074890137,8b32bb8de86a0f89db7241a3de5eb5c2.jpg
139.34137058258057,59.42830050362425,0,255,138.45569610595703,62.46756009179546,0,255,3.0392595881712126,-0.8856744766235352,54513c2ba05c261ea2b2a87455634b1c.jpg
165.76029586791992,64.8892633626994,0,255,157.67264461517334,67.450683549373,1,255,2.561420186673601,-8.087651252746582,de15c0fca6c7441dd089122ad074a7f3.jpg
113.75583934783936,48.63123046993916,0,255,124.47860813140869,55.57608909757294,1,255,6.944858627633778,10.722768783569336,27e6678a92ac10ed461ddc9f04bd3fcf.jpg
147.5100793838501,61.83656232619909,0,255,143.9415988922119,63.92645209712605,1,255,2.089889770926959,-3.5684804916381836,7bd83b3d3af0ea8150c8f2a737712db1.jpg
114.71748447418213,65.28543224155645,0,255,119.67540073394775,71.57369409237641,1,255,6.288261850819964,4.957916259765625,fda13aa356913d7c5530897288978420.jpg
112.53477382659912,67.91309515674162,0,255,116.48341274261475,73.74588329332865,2,255,5.832788136587027,3.948638916015625,d7d4e27e5a9b3752fddcf5c6080026d5.jpg
184.78584575653076,46.5031040874824,0,255,163.32051944732666,54.68556452297918,0,255,8.182460435496779,-21.4653263092041,47a50643e0ffee2204984ca1ac6bccf0.jpg
149.79545879364014,60.220772896741906,0,243,143.14012718200684,61.67724725576511,1,250,1.456474359023204,-6.655331611633301,3479c81736f275a848b74d952ebfab29.jpg
163.66533279418945,49.534662221785766,0,255,152.5127067565918,57.573991642743586,0,255,8.03932942095782,-11.152626037597656,ae7e40fec9afc78a66a48232532faa07.jpg
164.76670360565186,50.969449971665924,0,255,154.36332416534424,55.7636119518974,1,255,4.794161980231479,-10.403379440307617,0d94045f9e16f077bc6bbdea9f6c561b.jpg
150.848051071167,69.8935947003203,0,255,144.42790031433105,72.7135272746475,1,255,2.819932574327197,-6.4201507568359375,9809f0d8f7d4654a2599c052a5b83dbd.jpg
132.2017641067505,69.29711109470726,0,255,137.6323938369751,70.77111820977774,0,255,1.4740071150704779,5.430629730224609,315749c6f7397c42913f97db8388f4c2.jpg
121.22033309936523,71.1552661070288,0,255,122.31576442718506,68.03781399372049,1,255,-3.1174521133083033,1.0954313278198242,999612f847684578b1fdcf2d9d4d4994.jpg
124.28086757659912,62.793719228550266,0,255,124.98577308654785,68.42537741233227,1,255,5.631658183782001,0.7049055099487305,0491b08361fdfb9359cad9d6a078f275.jpg
98.66769504547119,41.070249181468334,0,255,116.40470790863037,51.729612622130944,1,255,10.65936344066261,17.73701286315918,6669f6481deca63ed9c421d5ac012c76.jpg
150.32511520385742,58.31659352632811,0,229,144.35410118103027,62.113822265505064,1,251,3.7972287391769513,-5.971014022827148,1070b419b62a9b7b1a8e71cd9504ffb8.jpg
150.89594554901123,73.91583305779513,0,255,144.50861644744873,74.45785839905867,0,255,0.542025341263539,-6.3873291015625,3362408dd6a238f4bc0660e763f37e94.jpg
82.0501298904419,43.011960871391146,1,198,102.88535404205322,50.12734042705125,0,229,7.115379555660105,20.835224151611328,45d77bbb17ed1131a96b6fa31327a9de.jpg
139.19793796539307,65.37409120866361,0,244,137.419584274292,67.56716261440535,1,253,2.1930714057417333,-1.7783536911010742,a8db71e482a4dc2e83a1f5eecd9568cc.jpg
165.87233543395996,49.48927765183241,0,242,154.5593605041504,55.11734188425151,0,248,5.628064232419099,-11.31297492980957,a8dd1496dde8d6f63316c8ec2a823b38.jpg
111.1543836593628,64.40522495740507,0,255,120.21685791015625,61.322689630925964,2,255,-3.0825353264791033,9.062474250793457,7df5c81873c74ecc40610a1ad4eb2943.jpg
129.97510528564453,58.687775130014984,0,255,132.72634983062744,66.15645092990472,1,255,7.468675799889738,2.75124454498291,395a89a6041167d0254dc826ddfe7110.jpg
127.62965774536133,66.36584543328367,0,255,128.3365774154663,68.8293438754281,1,255,2.4634984421444273,0.7069196701049805,27e113d3d158dbdd548b534c26164e55.jpg
165.13616275787354,53.09777612079159,0,241,153.55929470062256,58.279002221271,1,251,5.181226100479407,-11.576868057250977,bc849fedf97c9eb2bc7707bac17329bc.jpg
117.62752342224121,54.2983604245356,0,255,125.71111488342285,62.152696246098735,1,255,7.854335821563133,8.08359146118164,0e6da52d629393b3bcf24d8e99c1ea3f.jpg
129.82466793060303,57.00452060821411,0,255,130.7993288040161,59.715925995026524,0,255,2.711405386812416,0.9746608734130859,754e5c9903b4b9bec894ebde02b54db8.jpg
125.60043716430664,52.02960050663396,4,255,127.66531562805176,58.95149222789103,1,255,6.921891721257069,2.064878463745117,def03f80d3b78a52a6f9af13565343ff.jpg
123.91463470458984,67.38988015457623,0,255,125.57687854766846,72.6428175100885,2,255,5.252937355512273,1.6622438430786133,bb7d4479b3065e5912e328c065733504.jpg
155.97877502441406,72.46092067743855,0,255,148.34059619903564,72.94108996432314,1,255,0.48016928688458904,-7.638178825378418,2d4a3f928bbd1cf6cec20fc617af2fa3.jpg
144.74596977233887,47.54819516997845,0,255,143.6203498840332,53.28628235553509,0,255,5.738087185556644,-1.125619888305664,281ea309fd2fd61c9955f9d29c88a092.jpg
110.65993309020996,70.74749853140635,0,245,113.5450849533081,68.01977930618686,0,252,-2.727719225219488,2.8851518630981445,a9cc2f2d386fc3de3d20da289cdce689.jpg
160.18432140350342,51.48749373979098,0,255,152.47524070739746,60.71977440503817,1,255,9.232280665247195,-7.709080696105957,ab4146d29b600f971b22f88b9852ae0a.jpg
137.69538974761963,60.79291554160463,0,231,138.50836563110352,64.58183309765043,0,251,3.788917556045803,0.8129758834838867,7216517a6e4daf3bd95b7b065dac16dd.jpg
140.14958381652832,58.99423136052196,0,251,135.74772357940674,62.077175852789644,0,254,3.0829444922676856,-4.401860237121582,f7cca0874f0a8fdfdcb8952ec15c2e24.jpg
139.15829467773438,50.67675992600051,0,255,139.9931526184082,57.38947936911654,1,255,6.712719443116036,0.8348579406738281,fb929e0efd696fe0f54902da5e7ec57a.jpg
159.13244724273682,52.61949007990723,0,240,148.27510452270508,58.4492342924745,1,252,5.82974421256727,-10.857342720031738,2d9dbcfad0e6a4bfeae0c6fe1f780d98.jpg
162.27266597747803,52.00092803418293,0,255,157.14124011993408,54.80768565973461,1,255,2.8067576255516826,-5.131425857543945,813e13e8b9385cbcffc45356265f6a10.jpg
135.7606325149536,82.6707122262887,0,255,131.12086296081543,80.94298743158241,2,255,-1.7277247947062904,-4.639769554138184,c7ce99e81ceea73f99d919b38d8df460.jpg
118.78308963775635,63.28079586206184,0,255,123.03674793243408,70.01905062836207,0,255,6.73825476630023,4.253658294677734,c5dfd21f7ffbb5183cb8a2b7874de381.jpg
117.5939998626709,49.22089442649807,0,246,126.96084690093994,52.79089888438715,1,251,3.570004457889077,9.366847038269043,8015e5edbf16541fef78e6f8859764e4.jpg
125.09914875030518,71.29821501205696,0,255,127.21430015563965,73.95272149766076,0,255,2.654506485603804,2.1151514053344727,328c2e4790fad49004a3bf14be3a51c6.jpg
115.72264385223389,69.57121261906369,0,255,118.50633430480957,73.12417645065683,2,255,3.5529638315931464,2.7836904525756836,b2a0d46de6a845624835477b8207cbe8.jpg
149.02138805389404,79.52092753772527,0,255,143.56469917297363,78.7863707139281,1,255,-0.7345568237971776,-5.45668888092041,d189ad84aa78fffbb5bea14f1c230e54.jpg
126.8933219909668,67.42262520487269,0,234,128.7042064666748,69.14294133218088,1,252,1.7203161273081946,1.8108844757080078,985aa6789515f5ad438d2384ed52cda9.jpg
117.96469974517822,64.56016289882673,0,255,125.2448616027832,68.07890511864436,0,255,3.518742219817625,7.2801618576049805,9eba0d101f410f9cdfae46cb094ae2a6.jpg
140.06486892700195,66.26818000540099,0,241,137.08541297912598,68.25917521304798,1,249,1.9909952076469892,-2.9794559478759766,c7dfac0ca6b7382d2d51a92ebdf6169e.jpg
113.22910690307617,63.61414475591753,0,255,122.35933685302734,63.985028950338766,0,255,0.37088419442123666,9.130229949951172,53e93d9f8cf885a55e00079256595a86.jpg
140.30687522888184,84.33713979114161,0,255,134.32581996917725,83.00522540537013,0,255,-1.3319143857714835,-5.98105525970459,104b915269077619e2b3bbf641506327.jpg
146.85011768341064,77.01159087200321,0,255,142.05988311767578,76.45212815966579,1,255,-0.559462712337421,-4.790234565734863,106a3da41d2e3d9f508c09b28e8abdaf.jpg
153.68898391723633,49.71390560380659,0,251,142.77435111999512,58.34509767156645,0,255,8.631192067759862,-10.914632797241211,30303a4b9ba969bea4e676cbd4a2496c.jpg
116.27840995788574,55.47572493994787,0,250,123.1889877319336,59.36993364646795,2,252,3.8942087065200823,6.910577774047852,997fca43b97287e53c551c3d4753edcb.jpg
131.14279747009277,68.30095129204844,0,255,134.33050537109375,72.29469368945125,2,255,3.993742397402812,3.1877079010009766,c5a45ede0cbd270bf54e8a5e7fd27813.jpg
112.2179651260376,70.8482321353513,0,236,120.1491584777832,72.17796901531223,1,251,1.329736879960933,7.9311933517456055,573b1453639e5e3e842956bbc7048547.jpg
120.3069200515747,66.60562696103207,0,255,121.93960762023926,73.08158514028459,2,255,6.475958179252515,1.6326875686645508,ff0191df898268978f2c29231450fd66.jpg
125.98029899597168,85.82252271104745,0,255,120.3555498123169,83.3330699859722,1,255,-2.489452725075253,-5.624749183654785,4899401111bd09c261554c3b55009e08.jpg
120.89144134521484,67.49656565760547,0,235,124.83270168304443,68.63119233404204,1,251,1.134626676436568,3.94126033782959,c41d4f698ccccbf7068c44c8c14f4e16.jpg
148.12603282928467,66.19529373585712,0,255,145.31043434143066,71.24043486303798,1,255,5.045141127180855,-2.815598487854004,3531c673ad643e73b007a9e9a0a2aadf.jpg
149.0388765335083,59.864707780512916,0,255,145.7765645980835,64.94795077267247,1,255,5.083242992159555,-3.2623119354248047,6c4b3875e507999d883e7bda6428fa30.jpg
163.06509590148926,61.667172845838394,0,255,155.4237585067749,66.65384504035869,1,255,4.986672194520295,-7.6413373947143555,ebe4ab991ab3c0551a697e34f5e83b36.jpg
131.896990776062,61.480990182965705,0,255,134.46566486358643,63.194001628958986,0,255,1.7130114459932813,2.568674087524414,931786165c810445eff5e832421a93c4.jpg
149.6460304260254,57.31668720517987,0,255,152.83279418945312,56.76734588761093,1,255,-0.5493413175689383,3.1867637634277344,d8275cd2eabf34a7f7bf22bdd838bc70.jpg
148.28923225402832,59.39700976805014,0,255,141.23042678833008,62.86687236666149,0,255,3.46986259861135,-7.058805465698242,7e86aee54688699519f47582c4d44bf3.jpg
152.64571285247803,64.89681804882474,0,236,147.14155960083008,65.46674444333486,0,253,0.5699263945101194,-5.504153251647949,15acee7728e6530dfa2bd01521c7148d.jpg
141.29350757598877,61.445311891905774,0,239,137.56148433685303,65.58221813999513,1,252,4.13690624808936,-3.732023239135742,c184ac40eb6c1713f28f34582f768c5d.jpg
132.43093395233154,60.10783372884958,1,236,140.82689476013184,58.16366950420884,0,240,-1.944164224640737,8.395960807800293,2a3308874776a5824f84b6ec3fee10b1.jpg
113.56668949127197,60.419980721823876,0,255,122.39626979827881,63.73351937510857,1,255,3.313538653284695,8.829580307006836,f8dbc59e1e501220fa867a6d68d93641.jpg
107.14142894744873,73.6598472783572,0,255,112.82284545898438,76.12796508183774,2,255,2.4681178034805384,5.6814165115356445,d45374a1b323c34b8418b36b819783e3.jpg
131.15674018859863,58.698313074413214,0,255,131.64714431762695,63.828362153705484,1,255,5.13004907929227,0.4904041290283203,05dfd35f424da60897dfafc2340e0891.jpg
165.61677169799805,51.53916112581803,0,247,153.2541961669922,57.92608426031194,0,252,6.386923134493905,-12.36257553100586,21086ab046da90a4526e5604670a96ce.jpg
150.1202745437622,63.2160318280388,0,255,142.42670822143555,63.94100633316291,0,255,0.7249745051241092,-7.69356632232666,6137da0107d18f2bc35b6814c0f00ac8.jpg
138.30106830596924,61.22230936031007,0,237,140.79801177978516,63.30527137164106,0,252,2.0829620113309915,2.496943473815918,92e484e2051dfa000b770a6ea1e0686b.jpg
158.3882761001587,54.55964546063083,0,246,148.7065019607544,59.809187662939046,0,252,5.249542202308213,-9.681774139404297,7c53cf2eb4f08dbc905b85f144f96b45.jpg
163.42390537261963,64.22731061496118,0,255,147.78510761260986,67.17574450242819,1,255,2.9484338874670044,-15.638797760009766,8e063eadea9a6aeb684c893c8598be3e.jpg
151.31742477416992,54.29371796855205,0,241,144.3940887451172,59.99700354341486,0,252,5.703285574862811,-6.923336029052734,aacb56677ce974f054fdb59c5c39af10.jpg
155.1588840484619,75.0822357582979,0,255,146.59799575805664,76.14637603018842,1,255,1.0641402718905226,-8.560888290405273,952b065c0aac9ab20a9bcc051987a00f.jpg
127.61469745635986,85.33706848658802,0,255,123.8780517578125,83.88295564988343,1,255,-1.4541128367045957,-3.7366456985473633,78ac03ab2cd9f2e9c7b081761f44f665.jpg
120.91482734680176,59.62409268079012,0,255,127.31378269195557,63.02843486568266,1,255,3.404342184892542,6.398955345153809,756afb66aecaf0675273016e8991d8d4.jpg
143.94493293762207,63.8107486848268,0,255,140.08324909210205,68.25800611842118,1,255,4.44725743359438,-3.8616838455200195,eca27ff9495044fbcd347ee51a8f1187.jpg
115.84376621246338,66.29786241799637,0,255,118.38500499725342,73.70668579704784,2,255,7.408823379051469,2.541238784790039,e895c0a84cf6c38ffee0cfd5be9849fd.jpg
139.0377721786499,49.823339940865516,0,255,140.93249130249023,54.46555840508749,1,255,4.642218464221976,1.894719123840332,7f5eab5de5307d4ae8e2a0fa99c0b41a.jpg
144.44844722747803,64.07292738900267,0,255,141.93896293640137,66.12711375202886,1,255,2.05418636302619,-2.50948429107666,78b96ab5b7fc1d75d73b3c9c747d5c96.jpg
147.44101905822754,61.74942438162105,0,255,142.5995273590088,63.612440785479784,0,255,1.8630164038587367,-4.84149169921875,ff4cd09578f32d803e5996a4a2ec29b2.jpg
110.86874675750732,72.91213219102046,0,255,113.07451248168945,77.44286382779887,2,255,4.5307316367784125,2.205765724182129,da668869900c862ce12bd06fde5feb8d.jpg
116.2467098236084,67.4376154777443,0,255,124.62573337554932,72.71976155288421,2,255,5.282146075139906,8.379023551940918,1d36704fc4f9a8f997128b92551bbc4d.jpg
146.59536457061768,86.56599529290327,0,253,136.71699905395508,84.38593348008581,1,254,-2.1800618128174563,-9.878365516662598,ec6ec12533b8495bb7344d8895dd4f05.jpg
105.53619575500488,69.77852646296553,0,255,112.02890110015869,73.98861207941334,0,255,4.210085616447813,6.492705345153809,34c80ab45be6a7d01ee5ee230967f3e1.jpg
136.97251224517822,82.31155442884726,0,255,128.91901302337646,79.62213671882382,1,255,-2.6894177100234344,-8.053499221801758,fb986f9e81efde615e0364b35efdb377.jpg
129.09953498840332,73.77195039075912,0,255,128.51722240447998,77.30068460645312,2,255,3.5287342156940014,-0.5823125839233398,23e3c7a5073d74c1d2daed5ad73fb254.jpg
152.86409187316895,73.02147670692473,0,255,145.7708921432495,74.48996195158722,0,255,1.4684852446624888,-7.093199729919434,3ddadcb081c3779b4b569d9ec57f5208.jpg
115.63799381256104,72.05439803216149,0,249,116.05320262908936,69.2274859148053,1,253,-2.826912117356187,0.4152088165283203,d5b2a2c4177eb355dd3c0bfacbfd39bd.jpg
144.82063579559326,86.72593348932699,0,255,135.04281520843506,84.17028569621124,2,255,-2.555647793115753,-9.777820587158203,a616c36ec79f99dfa8ec9eafaf12ecfa.jpg
110.49561595916748,70.1488423459719,0,255,114.48416328430176,74.96289523680613,2,255,4.814052890834233,3.9885473251342773,e23431ed927b6459935d0d5457ca8604.jpg
146.4696216583252,53.87343446734536,0,255,141.5481777191162,61.252065056675384,1,255,7.378630589330022,-4.921443939208984,c8f75e6529a051827b8b7952a3e65f5b.jpg
179.12451076507568,41.221340014187916,0,235,167.0536231994629,48.49304181626444,2,249,7.271701802076521,-12.070887565612793,00150343289f317a0ad5629d5b7d9ef9.jpg
155.75083351135254,55.69220170293299,0,237,150.3767957687378,60.13817275571197,0,253,4.4459710527789795,-5.374037742614746,51cce256c4d5b81a6b65a24cfe7b3ba2.jpg
121.29000091552734,73.9027683346174,0,255,124.06259822845459,76.61393523559303,1,255,2.711166900975627,2.772597312927246,f1b743ce8d76f083d3e87da80f1dd522.jpg
123.62308597564697,65.41423039135708,0,255,124.92543029785156,71.18031149646416,2,255,5.766081105107077,1.3023443222045898,2e37a70ea49570b31cb4b83e5a109a7e.jpg
156.75690078735352,55.35795172442815,0,255,147.04226112365723,60.728796576797194,1,255,5.370844852369046,-9.714639663696289,03e6ecfa6f6fb33dfeac6ca4f9b459c9.jpg
130.6460485458374,62.565251488540575,0,255,131.58995246887207,67.25322760670423,1,255,4.687976118163654,0.943903923034668,dff6766d2464bfe77de7f6f19edbf51a.jpg
120.08515548706055,78.72764046116019,0,255,115.81023025512695,80.39406530493238,0,255,1.666424843772191,-4.274925231933594,343e1bdfaa62eb9f0148e3cd32aab124.jpg
111.34192562103271,52.80653514423852,5,251,122.39398384094238,60.918376708539334,1,254,8.111841564300818,11.052058219909668,3c3977477c6ca3ea8a3d18ba0e4afed4.jpg
129.232027053833,55.23603879400725,0,247,132.47271060943604,58.55067597343584,1,253,3.314637179428587,3.2406835556030273,af545c8cabc4dec52e5dbc7698876869.jpg
123.70327377319336,70.0908582576553,0,255,122.6255464553833,73.97034720109006,2,255,3.8794889434347652,-1.0777273178100586,09b9674023305cb9a0acb367600efffa.jpg
133.46502017974854,52.13255446484808,0,255,138.24186897277832,55.826295415800914,0,255,3.6937409509528365,4.776848793029785,6974b05fb97620ec153a9eb3200db4eb.jpg
137.39746284484863,86.67377979645471,0,255,130.05174350738525,83.4797126746279,0,255,-3.194067121826805,-7.345719337463379,46f3ff375571079569284a232627d27c.jpg
152.94086074829102,74.52427456221305,0,255,147.28001403808594,74.75944590386034,1,255,0.2351713416472876,-5.660846710205078,305c85dddfdddac905f288a8106ca371.jpg
133.83343410491943,58.66558647417002,0,255,134.07338523864746,60.025415227375326,0,255,1.3598287532053064,0.23995113372802734,7b759182d86f6a44b377ffcfce8a3b53.jpg
166.70231437683105,52.15399337488561,0,241,153.76556777954102,57.71091304190597,2,251,5.5569196670203596,-12.936746597290039,e4d919ecede4ac171b4815ba0863f2f7.jpg
131.11083698272705,62.16557865259047,0,255,132.36406898498535,69.23931479532547,2,255,7.073736142735001,1.2532320022583008,cdc9449b58f831981f7df30de936077d.jpg
123.0051441192627,71.50738930201034,0,245,125.90958595275879,70.35881077296149,1,248,-1.148578529048848,2.9044418334960938,ed12402a2b76cda47517d5073b35eb9a.jpg
129.1089849472046,61.620493666517326,0,255,128.30241012573242,67.03083256766512,1,255,5.410338901147789,-0.806574821472168,543c0591a8706112a0e71620509a398f.jpg
166.44966983795166,75.01748251177986,0,252,154.29998779296875,75.57332410402127,0,253,0.5558415922414071,-12.14968204498291,db169d0be36123bd55b866d6aa73983b.jpg
147.40261363983154,56.18435684932042,0,255,144.2351999282837,62.70892120741338,1,255,6.5245643580929595,-3.1674137115478516,35388720c654dc329d698234c3205892.jpg
116.06003475189209,68.47530964013171,0,255,121.72592163085938,71.01969660683517,1,255,2.544386966703456,5.665886878967285,571ffeb5344b749ef4e99c75b8449a86.jpg
107.61195373535156,58.00336069636664,0,255,117.63770198822021,65.06879582260837,2,255,7.065435126241724,10.025748252868652,c80fe973b34b764cf37e43efb755c0b8.jpg
116.54636669158936,56.931177449410605,5,240,125.41425800323486,60.43947948535184,1,245,3.5083020359412345,8.867891311645508,23fcdb51ca6f2495a08911d8bd8f19e8.jpg
145.46141719818115,79.93830439931949,0,255,143.1372890472412,78.84250051205119,1,255,-1.0958038872683034,-2.3241281509399414,45f8fd11d471cfb910172d26f8157ee5.jpg
120.45463848114014,63.463750542815106,0,241,114.89812278747559,68.08636279685739,2,251,4.622612254042281,-5.556515693664551,ccce794d56a43641c1bb3d6b0253e794.jpg
123.20522975921631,64.32104487145315,0,255,131.29483222961426,68.07559779669869,1,255,3.754552925245534,8.08960247039795,1b5f927abb8fd8e0800d2ad31a5620c1.jpg
141.707350730896,54.153850831860495,0,255,144.56268882751465,60.621897503721655,0,255,6.46804667186116,2.8553380966186523,9089facaf103cdb37adce579bd64f064.jpg
133.08194065093994,66.7142287038921,0,238,131.97560214996338,67.50119367059582,1,251,0.7869649667037208,-1.1063385009765625,7661ae717d26893100f399e76e02c438.jpg
150.67851448059082,73.96458965886035,0,255,147.8860206604004,74.32463201620503,1,255,0.3600423573446818,-2.7924938201904297,a63b427ef8132749b8f71c66983d3231.jpg
135.28337574005127,47.468674785353336,0,228,134.4976100921631,55.81184761042759,1,250,8.343172825074255,-0.7857656478881836,37111bde86ae8d81aa66f2f46f89c03b.jpg
120.17749881744385,63.91767119960159,0,255,125.75713634490967,64.14185763884728,0,255,0.22418643924569182,5.57963752746582,1ec5b9d1af1a295a5e0d1da32d4ed835.jpg
151.6966848373413,59.36784377422622,0,255,146.39530849456787,62.67632102959238,1,255,3.3084772553661566,-5.3013763427734375,beaa1ae511a49bd86ee5c090f91c80d7.jpg
171.61135959625244,64.25665600993234,0,255,163.63713359832764,66.12636806229679,1,255,1.8697120523644486,-7.974225997924805,997a190cf3302633937a80eff6c65459.jpg
133.17990016937256,50.70456552971388,0,255,137.16397285461426,54.202277475938274,0,255,3.497711946224392,3.984072685241699,c201c69926e59f0c1dfeeeb8365ff05a.jpg
124.9893388748169,61.44416547705447,0,255,127.92424964904785,64.96342039903841,1,255,3.5192549219839435,2.934910774230957,a24f6e745dea4cfb8c3a31aa084650f7.jpg
128.7300672531128,66.73555973663987,0,247,131.8784637451172,65.08747089532353,0,253,-1.648088841316337,3.1483964920043945,5308d2b6f06e98bd8e7c16ed6124aff1.jpg
131.75463962554932,62.198731899890326,0,253,134.62188339233398,63.896384694912626,0,254,1.6976527950223002,2.867243766784668,78dba36bdd34da385efcca7bb9ff5fde.jpg
125.65110492706299,67.71408079167091,0,255,125.68485069274902,71.93469584384634,2,255,4.220615052175432,0.033745765686035156,0061cf6d35e253b6e7f03940592cc35e.jpg
145.13685607910156,69.60309340166813,0,255,142.03276538848877,66.52515477187602,1,255,-3.077938629792115,-3.104090690612793,9fd12d311ea007b2cd5b6f0973dbc6de.jpg
154.04304599761963,79.06971497937957,0,255,147.8665542602539,76.1459656281307,1,255,-2.9237493512488726,-6.176491737365723,768f286b65425e98e6d03fa3bd1c5ded.jpg
123.63980102539062,64.32024493567073,0,255,123.4138879776001,71.01649149595386,2,255,6.696246560283129,-0.22591304779052734,bf742708d94bd9f8620db2f6f4b596f5.jpg
161.42454719543457,51.31094960485235,0,240,151.99113368988037,56.92608801706974,0,251,5.615138412217391,-9.4334135055542,de4917c51024b4f810868d211e4f4d40.jpg
180.5012502670288,58.20870384042694,0,255,159.5375747680664,64.48178706597898,2,255,6.2730832255520355,-20.963675498962402,b37cd57257591d19366e5a6f23ceb8f6.jpg
138.92931079864502,42.77864258810604,0,255,142.08336544036865,50.65229326885969,1,255,7.873650680753649,3.154054641723633,f730c80ec55bf2f6b80001ec0686f245.jpg
151.9984836578369,51.83940171201367,0,243,144.6226634979248,58.62441317441956,1,252,6.78501146240589,-7.375820159912109,023a8b8557d1fd59f272c63be6f3d4c0.jpg
170.31606197357178,45.843723760710866,0,255,158.7742109298706,52.36774512559273,1,255,6.524021364881861,-11.541851043701172,b770403a1d0ab861f1944f8b896afcae.jpg
144.74098777770996,54.5947401076805,0,246,146.1935863494873,53.98089655450432,1,248,-0.6138435531761814,1.4525985717773438,c93d43336ef6d28348794b5ced1886a4.jpg
134.54255390167236,64.61277823069912,0,246,133.2442970275879,66.36201040961596,1,253,1.7492321789168415,-1.2982568740844727,ce1809b48b0ba6519f6f7b3a01155173.jpg
112.74892520904541,70.3004375659077,0,255,120.95060729980469,70.88466773359806,2,255,0.5842301676903645,8.201682090759277,36d12290ed702e358cabe1d85657dafb.jpg
132.41411590576172,56.6842999853409,0,255,132.3740406036377,61.75939637893829,0,255,5.075096393597391,-0.04007530212402344,22807ea675967a02baf8f510543a4a95.jpg
135.96213150024414,54.81201772199356,0,255,143.24092769622803,59.4603264812584,1,255,4.648308759264836,7.278796195983887,902cb4d7b941c2b490c322b01314b352.jpg
136.52967262268066,58.46883196815134,0,237,138.65206241607666,61.62366189954607,0,246,3.1548299313947297,2.122389793395996,10f28558b1667b3d30d9e4c44f7a5bc6.jpg
148.8833246231079,49.260708071633324,0,255,142.5145206451416,54.425657759426834,0,255,5.164949687793509,-6.368803977966309,485c87f489b33281e4a49e4ac0ceded3.jpg
117.11315059661865,66.87455190363103,0,255,123.54925060272217,68.56741411756464,1,255,1.6928622139336085,6.436100006103516,17d5b60d0b5decddb51eba55dc4a514b.jpg
159.3009090423584,70.36268830126618,0,255,151.6998805999756,71.75770003192169,0,255,1.3950117306555114,-7.6010284423828125,d3ef9ae515fb3cd3565e2c9875b3e0aa.jpg
141.082989692688,61.69745149244228,0,238,139.50923347473145,64.56205154515413,1,253,2.8646000527118503,-1.573756217956543,f1d1e5089e66fc256f08e621b5dcc9bf.jpg
154.92425060272217,80.39605902306099,0,253,141.39829635620117,79.34654582435071,2,255,-1.0495131987102724,-13.525954246520996,d3637a1935a905b3c326af31389cb846.jpg
162.500581741333,62.55289552151786,0,245,150.18105125427246,63.296099920665355,1,251,0.7432043991474941,-12.319530487060547,e0ad8549835ae5a3208c03ce618e79a0.jpg
153.26254081726074,46.57763057461169,0,255,151.58862400054932,51.57165899379089,0,255,4.994028419179202,-1.6739168167114258,c5aa9d492605510ce5fc2403df57cd6a.jpg
127.24917030334473,62.296627615602155,0,255,129.54390335083008,65.34271215230596,0,255,3.046084536703809,2.2947330474853516,93ed73782bc23a0ef9c426c21982d8d7.jpg
149.0806770324707,62.597926190837526,0,255,142.45336437225342,64.7344184558319,0,255,2.1364922649943736,-6.627312660217285,3dae58e1cf69a2284f2a44ded5c7405a.jpg
148.2982988357544,62.645939190479204,0,255,141.7505645751953,67.65251634733241,0,255,5.006577156853204,-6.547734260559082,5ba3c5d4c87aeca558d9f2d452854085.jpg
164.67703914642334,70.32882539310066,0,255,156.85486698150635,71.83694975527135,0,255,1.5081243621706903,-7.822172164916992,36fb9803c515de8b2b44028af25662ec.jpg
121.19866561889648,61.40435574372202,0,255,131.90841484069824,64.72618867579625,1,255,3.32183293207423,10.709749221801758,ef63342a9d28339d09338c16573066c6.jpg
117.14043140411377,70.45257876812018,0,255,122.90024471282959,73.85955179448553,1,255,3.4069730263653497,5.75981330871582,5955a4d3f94e8125db08141bd25a6824.jpg
119.13125896453857,54.18145882984991,0,255,131.2698974609375,58.73062212612878,1,255,4.54916329627887,12.138638496398926,2e426ab34288f1f7edba1c73feb45a05.jpg
101.47095012664795,52.10199886075163,1,240,112.01555442810059,57.35510662250922,1,249,5.25310776175759,10.544604301452637,aad2e740715e926cee0a56a56efa26db.jpg
137.06535053253174,37.998325748386826,0,255,144.94693183898926,43.718861304698216,1,255,5.72053555631139,7.8815813064575195,c5ad7caaee32f3d5647a993ab299b1c1.jpg
133.02427864074707,44.587101996584735,0,255,135.56395149230957,52.958946644530286,0,255,8.37184464794555,2.5396728515625,dcb081bb5e1dac41000e96fc37c8c322.jpg
153.27197933197021,56.10884086711455,0,240,145.49836444854736,60.99554959615209,0,251,4.886708729037537,-7.773614883422852,276eab8db40adc114124d1383afeba5c.jpg
145.84099102020264,61.88430891010465,0,255,141.79291534423828,63.50966817596997,0,255,1.6253592658653204,-4.0480756759643555,5562ea946b0ed8574dd20d05a001d6c4.jpg
168.9130344390869,68.7359919312401,0,255,162.32434844970703,67.47243012869475,0,255,-1.2635618025453397,-6.588685989379883,ea4fd210b0300b23ee63f0b8352390be.jpg
129.67167568206787,66.02965230531385,0,229,129.1077184677124,69.3726163443731,1,250,3.342964039059254,-0.5639572143554688,5b05df19287bc68ead3011b06492d5e9.jpg
148.58978462219238,77.95225582918653,0,255,141.8729305267334,79.35122506632352,0,255,1.3989692371369955,-6.716854095458984,ed1a545ab109f23cd065a5e5e512df1a.jpg
152.60561084747314,52.98221066957595,0,242,146.66341495513916,56.007855821042945,2,251,3.025645151466996,-5.942195892333984,bd60f56f346490b1b62e6cfd02cbe7f5.jpg
113.12659072875977,80.02014011751837,0,255,116.5186014175415,78.5504572532657,1,255,-1.4696828642526611,3.3920106887817383,c4d68aad9fdec87b76853d26744026bb.jpg
109.55747890472412,54.8515902286872,0,255,119.96845531463623,60.45149280099848,1,255,5.599902572311279,10.41097640991211,9e9cc9d084546cb6d7f7ddba63411a81.jpg
135.02117824554443,72.59966238362847,0,255,133.07335090637207,71.97905610888617,1,255,-0.6206062747423005,-1.9478273391723633,4ec0857964d6c66165927a14b9b7f26f.jpg
139.8045997619629,62.55473026388545,0,255,138.3321762084961,64.17734735562993,0,255,1.6226170917444804,-1.4724235534667969,2e62a91d3bdb8e212af2518125eb9dbc.jpg
129.42994594573975,68.0394561825525,0,255,128.0676908493042,69.26348120761621,1,255,1.2240250250637104,-1.3622550964355469,0a425edf1164ad0a73e8b092c4cc8b3b.jpg
103.52751541137695,69.27438900123224,0,254,106.70508193969727,69.63356775107258,2,254,0.35917874984033915,3.1775665283203125,2e285b95faad220e17e6cbfbe514733e.jpg
159.6803379058838,72.21652317592219,0,255,154.18675708770752,74.5390502849475,1,255,2.322527109025316,-5.4935808181762695,cb8fd53c4498aa62dd48c184beb050bd.jpg
165.6204023361206,63.98330526673595,0,255,158.2461404800415,64.81348013715609,0,255,0.8301748704201444,-7.374261856079102,113274a4ca3c2e72b7ff1bd3ce5006b6.jpg
147.12975406646729,73.80840362533051,0,255,140.69229698181152,75.34547746764859,0,255,1.5370738423180796,-6.437457084655762,8a454755517a41861d07dd898e6572a5.jpg
102.2960090637207,58.960133971494265,0,255,117.43675422668457,67.29333626848066,2,255,8.333202296986393,15.140745162963867,f1c4779f16c3ebad57ecb73dcf2a2c1d.jpg
116.99206733703613,60.37569082758239,0,255,122.51122570037842,65.02276462012733,1,255,4.647073792544944,5.519158363342285,ecf474d5d4f65d7a3e23370a68b8c6a0.jpg
140.195161819458,55.09947197980405,0,255,141.8052749633789,59.00292888954958,0,255,3.903456909745529,1.6101131439208984,9f329a8c05ac45949b43e6626efdb8d0.jpg
151.86188316345215,80.95969809984656,0,252,145.0576810836792,80.10681975805615,0,253,-0.8528783417904151,-6.804202079772949,3c5e999bcc6ac19f375f201c27546de1.jpg
126.74071788787842,72.51379234503291,0,255,127.53280639648438,72.7066046123172,0,255,0.1928122672842818,0.792088508605957,4f55eff35e0c162fcde67c36b159e6c2.jpg
180.1972427368164,44.68590805812187,0,255,167.50699520111084,50.81092568045692,0,255,6.125017622335051,-12.690247535705566,5c6e3e0700cff1f8d88bad0ba40076aa.jpg
133.02275466918945,63.938374003991804,0,255,132.23291110992432,67.38217082662783,1,255,3.443796822636024,-0.7898435592651367,055ea315ae13148aae178aed27fa980d.jpg
129.68372917175293,60.473438121344465,0,236,130.99143600463867,64.913179053223,0,251,4.439740931878539,1.3077068328857422,64f4fa78d723ad71e2422bc74bcd38f4.jpg
120.79822254180908,68.83282666034853,0,247,121.18371772766113,69.02792915621097,0,252,0.195102495862443,0.3854951858520508,cb9658d61c84a99ba31665f40cb0788d.jpg
161.9302110671997,66.67629691920281,0,255,155.3507432937622,69.62094092243557,0,255,2.944644003232753,-6.5794677734375,440d5de43270006800efa1caecede2f1.jpg
161.6379098892212,58.5093916094363,0,255,150.79080390930176,62.113672180568706,0,255,3.6042805711324064,-10.847105979919434,354fc9f443af86eebc10e9b06a22481b.jpg
128.03474712371826,58.425870690805844,0,255,136.75212478637695,61.58552518237687,1,255,3.1596544915710254,8.717377662658691,a4fc9faa46af26c5fc462772d88d0af3.jpg
133.4576711654663,69.1083433645437,0,238,132.34326457977295,69.2581077586803,1,252,0.14976439413659648,-1.1144065856933594,326f5799de625f4fddd67b9c7827bfe5.jpg
149.34771537780762,75.88460976950006,0,255,144.15345764160156,75.74511634282358,1,255,-0.13949342667648068,-5.194257736206055,c6ad29cb15e0476259fdf56305b286d4.jpg
153.71964359283447,53.85926050119383,38,255,139.72045230865479,59.636195461481876,3,255,5.776934960288045,-13.999191284179688,88fec30ba54121b6e7f1081d2d608704.jpg
124.57275485992432,72.1615719398682,0,255,123.82926177978516,76.28247498397148,2,255,4.120903044103287,-0.7434930801391602,b29679d2251dd63917530a6eb83e0493.jpg
173.61906147003174,49.99344607095962,0,255,157.32790088653564,58.056965470059524,1,255,8.063519399099903,-16.291160583496094,402499b5db5c7e4d68f3024f6a43d819.jpg
143.5588674545288,57.78175891252798,0,255,140.6385326385498,65.59856859418973,2,255,7.816809681661752,-2.920334815979004,51b168d29879c8972aa29d9f31f4b00c.jpg
150.7033748626709,79.35273083959828,0,252,141.87718772888184,78.73252483710542,0,253,-0.6202060024928642,-8.826187133789062,dfb2b9c6d978d65bf5b78728f744c830.jpg
167.59604263305664,63.562740147218534,0,255,150.74763202667236,67.01503957523629,1,255,3.452299428017753,-16.848410606384277,78076acd1cd80e71ff62d4fb58f047bc.jpg
163.75103282928467,68.69131157433449,0,255,153.67874431610107,70.66010929849269,0,255,1.9687977241581933,-10.072288513183594,061fa33f6ba0028fbbad8caaeac8d145.jpg
118.37945079803467,52.84552157777921,0,255,125.22461414337158,60.12696058565373,1,255,7.281439007874518,6.845163345336914,bdddb2fbd93102ff052738ae31ff7e75.jpg
115.72630405426025,73.57660295959275,0,255,124.65634250640869,73.73497325384385,1,255,0.1583702942510996,8.930038452148438,ca2367e34e80cf17deb67602a24e4920.jpg
145.30439281463623,60.85534467526838,0,255,140.01106452941895,64.13032443920352,1,255,3.274979763935143,-5.293328285217285,8a7ca215a9c86fb9a1352de720c182f3.jpg
149.80563926696777,64.43872342132389,0,238,143.65080547332764,66.1785159329531,1,251,1.7397925116292186,-6.154833793640137,238b1299945de447d94124e14734edab.jpg
139.7252378463745,79.59900409534764,0,255,137.5807991027832,79.9652711134788,0,255,0.36626701813116824,-2.1444387435913086,fc24ad13f52fb8b4135f5a18a982a1cf.jpg
111.92652034759521,69.37776022886882,0,255,119.389723777771,71.83080998173415,1,255,2.4530497528653257,7.463203430175781,3349c0d8861ff59db82c4e6f1d10705a.jpg
105.1639461517334,77.58422458801462,0,255,106.76559257507324,80.16044794321414,2,255,2.5762233551995166,1.6016464233398438,e719b0f794aebc789651fbd91ade8a05.jpg
130.6072072982788,70.2590419631024,0,232,129.93672561645508,72.09815262394116,1,251,1.839110660838756,-0.6704816818237305,09f9a62fceffacc4d062a7fe24a626b8.jpg
110.65023136138916,42.72144285368251,1,207,126.15612697601318,47.32303945746111,1,239,4.601596603778596,15.505895614624023,09df460412ce705d0f634436f518f46d.jpg
162.58043575286865,74.17244739239958,0,252,151.49104499816895,74.54498509882063,0,253,0.3725377064210562,-11.089390754699707,13df80547c48fd7d14d22e9322f4a17d.jpg
134.82191467285156,67.28263322058302,0,235,134.60612964630127,66.79666591937134,0,250,-0.4859673012116872,-0.21578502655029297,e67e91b27935a01b738eaa01ede863fd.jpg
118.62088394165039,64.33172232097733,0,237,122.05005836486816,63.948330350203975,0,251,-0.38339197077335996,3.4291744232177734,b022e92b9271babbc6a7a734fd7b77cc.jpg
118.29402256011963,64.95427988863877,0,255,124.27935409545898,69.84548385810345,0,255,4.891203969464684,5.9853315353393555,edb4d2772dc7746b93dc0d7e181a25ef.jpg
124.01979160308838,49.67573838344979,0,255,136.50256061553955,55.50809358851579,0,255,5.832355205066001,12.482769012451172,d0e7b36dd1975188809340a634301e87.jpg
141.59974670410156,80.76232290157145,0,255,136.2947826385498,77.17812212047656,0,255,-3.584200781094893,-5.304964065551758,03cd593a310656563a5aa3886ff30380.jpg
141.66820335388184,76.89127110236235,0,255,136.7196226119995,76.73918880207553,1,255,-0.15208230028682124,-4.948580741882324,a99a720cab88405baaf789e85ce20c45.jpg
156.77772903442383,78.93418043531227,0,254,145.1005630493164,78.85716331122688,1,255,-0.07701712408538697,-11.677165985107422,1d730f10402fbb1de01aa617b80a8242.jpg
102.01038837432861,43.26395581211087,11,228,116.28731155395508,51.050409202007515,4,238,7.786453389896643,14.276923179626465,b1deab22cfb50881b47c52daa9993ab3.jpg
133.68055629730225,56.502183887320236,0,233,134.91418266296387,59.081383435571546,0,253,2.57919954825131,1.233626365661621,84a27b87601b81cd39889ced2d489f70.jpg
145.47189044952393,55.01604851293778,0,248,145.2735185623169,56.396273593599105,1,251,1.3802250806613259,-0.19837188720703125,2998cdc708e79055543eb95842261f57.jpg
135.36435413360596,58.35516440615882,0,236,136.49081134796143,61.06453117707362,0,249,2.709366770914798,1.1264572143554688,d5adeb5f9d36c06c466a45acfb35d4d8.jpg
153.88255310058594,64.03387578477225,0,240,148.7099666595459,63.66176492179736,1,252,-0.3721108629748926,-5.172586441040039,fe90142bc4523ef5e2413ba94415e037.jpg
137.28897666931152,56.12928300265658,0,255,135.82748985290527,60.21825079432956,0,255,4.088967791672985,-1.46148681640625,da43f621e092ce20c96b5f4efcc2ea43.jpg
177.07190608978271,38.48290511443418,0,236,161.9887294769287,50.63510060088544,2,249,12.152195486451255,-15.083176612854004,7bd856b30b7129c81c6803c7f1fe23b3.jpg
160.74986457824707,47.813750496070874,0,255,152.86651134490967,54.269136421811645,0,255,6.455385925740771,-7.883353233337402,268521c3c47990c84e7175a31d8c509c.jpg
112.86094570159912,68.18672221432871,0,255,118.55400085449219,71.34743254823694,0,255,3.160710333908227,5.693055152893066,6ae2757005410f45933298a2bd5d7f50.jpg
133.9919309616089,78.0513024998441,0,255,131.4330005645752,77.68451132528443,2,255,-0.3667911745596655,-2.5589303970336914,43b12f96beff0400ddc04da244e69983.jpg
147.52238655090332,55.75797278438502,39,255,135.6971950531006,62.165981715685014,5,255,6.408008931299996,-11.825191497802734,c12df5422711be0ed7b17a657c68fc8d.jpg
103.48756313323975,59.81845346803837,0,250,115.44270610809326,62.249866148064505,1,251,2.431412680026135,11.955142974853516,0a072917005494298d153c01bbd8f689.jpg
164.40374660491943,50.413577481850595,0,255,154.52634811401367,56.81795026576418,1,255,6.404372783913587,-9.877398490905762,a153495b8f21f9c8a56d3489c513d721.jpg
148.34789371490479,78.2434220995763,0,255,141.82050800323486,78.30611232655522,0,255,0.06269022697891558,-6.527385711669922,d47efdd2527ed1646f31bec6dcbbcdc1.jpg
142.6074981689453,55.24966210314959,0,255,141.65270328521729,63.286001167407775,2,255,8.036339064258186,-0.9547948837280273,a593d4aa6d8d9dbe2139c6c3889535eb.jpg
145.07751750946045,55.01054142713323,0,239,139.95414924621582,60.84480673906272,0,251,5.834265311929492,-5.123368263244629,b4b6e377eedea6b7a33ce8958d79fe71.jpg
174.97127437591553,34.502331057254096,0,255,162.79397106170654,45.51507929598246,1,255,11.012748238728364,-12.177303314208984,955c561b6301bc98d02990faa70a5ec6.jpg
113.43099784851074,43.7313770594742,0,255,125.03856468200684,54.037522635466374,1,255,10.306145575992176,11.607566833496094,8e3cbb3460e37bd5418cb4bc23c07af8.jpg
109.07317352294922,54.784375425637016,0,255,118.2394666671753,62.38405975382403,1,255,7.599684328187017,9.166293144226074,9598f874069cca35ff56d54925d35ccb.jpg
99.86641025543213,42.1766509836105,5,210,117.20169925689697,52.47441680471682,2,247,10.297765821106317,17.335289001464844,d7163e05dad88864eb0111956c16eb66.jpg
121.18789672851562,61.324858341255286,0,255,128.69439029693604,63.03790049037167,0,255,1.713042149116383,7.50649356842041,82d5f09eac7d3abea784450255fddc78.jpg
142.7413740158081,61.51506078636612,0,237,141.580171585083,64.09839381777654,0,252,2.583333031410419,-1.1612024307250977,66332eb5425bcdc6854aae970cc656b9.jpg
118.17445945739746,54.6823881664468,0,255,131.34098434448242,56.00988125245503,0,255,1.3274930860082321,13.166524887084961,6dc197d0503400617170a11ab7812d73.jpg
150.38495540618896,55.63363818550211,0,255,146.64221096038818,61.36414318549086,0,255,5.730504999988753,-3.7427444458007812,12bd4c85000b33c532fb9d57b5f2a08e.jpg
140.27566242218018,75.87390321916033,0,255,138.32239627838135,75.36127789017115,1,255,-0.5126253289891736,-1.9532661437988281,6d5acf3f8a973a26844d617fffe72998.jpg
123.64654350280762,54.81226205138898,0,255,128.77388858795166,62.60313058888273,0,255,7.7908685374937505,5.127345085144043,379aef556ea6744aa51174e342fabcef.jpg
144.12810611724854,81.66736733901566,0,255,136.07586288452148,80.93234349182634,2,255,-0.7350238471893107,-8.05224323272705,8e506a2c5a4a64624770f56bd56fe684.jpg
135.66326522827148,63.93087123875356,0,254,134.30696964263916,65.10897686635941,0,255,1.1781056276058521,-1.3562955856323242,454d4b20bb55eb38f90fd51706531b9e.jpg
136.71492099761963,58.963608535825664,0,255,138.10198593139648,66.08478496974344,1,255,7.121176433917775,1.3870649337768555,b78367d7be3c92afe88f13efcb6dcaf5.jpg
152.8484411239624,74.38497290617157,0,255,145.92202377319336,73.79374038046029,1,255,-0.5912325257112769,-6.926417350769043,ee3b2a3399a40af7703ce312d43df635.jpg
132.38888454437256,80.162703057541,0,255,126.85067081451416,81.1668827850978,0,255,1.004179727556803,-5.538213729858398,0ac383fcdc6f1957b3ecceaf0acec909.jpg
141.30515480041504,84.82119416968143,0,255,136.0644063949585,83.26090678411316,0,255,-1.560287385568273,-5.240748405456543,762f339322e42d419878a7b9c887553c.jpg
117.69218921661377,55.993431174947844,0,248,128.51345920562744,57.75546730922312,1,251,1.7620361342752773,10.821269989013672,1ad9acab15f15722dada12e90242178c.jpg
131.59419631958008,87.73403869206341,0,255,130.02904796600342,85.48800401148868,1,255,-2.2460346805747236,-1.5651483535766602,b8b8c9ae5afd3e8d2dbd5d69fa0f9378.jpg
123.83386898040771,58.48632906104441,0,236,127.7982177734375,61.33127142628255,1,251,2.84494236523814,3.964348793029785,6257b0277b6dc697985febc707d83011.jpg
125.63466167449951,63.762720562016135,0,255,126.82619190216064,68.93602378489193,1,255,5.173303222875795,1.1915302276611328,21b9ef8dedf84d02366305c87a6328d1.jpg
141.1538953781128,88.37547775176618,0,254,131.99494552612305,85.763888984307,0,255,-2.611588767459182,-9.158949851989746,c70dce909198abf8b39a7e0d41c9a895.jpg
170.98510074615479,54.048364793362666,0,255,157.26452922821045,56.52129605888086,1,255,2.4729312655181914,-13.720571517944336,e3c5ff1eb0d55039f3bbc3c4875543c3.jpg
161.02562618255615,62.642089357709345,0,255,150.11707305908203,68.10612360742239,1,255,5.464034249713045,-10.908553123474121,4b91d54f3170a9c8a757e6acd6c25588.jpg
131.70489406585693,66.42384745814815,0,255,127.51040649414062,71.22566276263585,2,255,4.801815304487704,-4.194487571716309,09f0b00bd079304f72c079d369925aee.jpg
123.40380859375,68.46610766265115,0,255,124.33216667175293,73.77723812639324,2,255,5.311130463742089,0.9283580780029297,371d6f540ac601affe81e547b05c551a.jpg
158.3062391281128,80.96650649126055,0,255,155.38046741485596,79.13797071492147,1,255,-1.8285357763390806,-2.925771713256836,e6a9b0eb532d8aab0ce29b787d81614b.jpg
154.84972858428955,60.91385631388119,0,255,146.36665725708008,64.4059813530786,1,255,3.4921250391974112,-8.483071327209473,11750f2005f2f50d592c5c5cc145fdfe.jpg
111.00014781951904,65.7079661576519,0,229,119.6171407699585,65.03992273063707,0,252,-0.6680434270148226,8.616992950439453,c09a2d6a72b0f14763619224335d685e.jpg
157.07323741912842,68.31784698928381,0,255,151.0271396636963,70.1580071492824,0,255,1.8401601599985895,-6.046097755432129,39eaf0dbdf50b88ac6b3f02b918ac86a.jpg
154.3863935470581,68.27837203138861,0,255,149.30078125,70.00981379244054,0,255,1.7314417610519257,-5.0856122970581055,a0a6050fdda9f59eff1ca6a197883fcb.jpg
113.31994438171387,55.8076686082772,1,227,121.36182308197021,59.24078240851978,0,242,3.4331138002425803,8.041878700256348,6d55788f759da917cf8b89f300764dee.jpg
96.22007179260254,60.445561576828084,0,255,110.82494449615479,64.88203259746948,1,255,4.436471020641392,14.604872703552246,d60854afebf749f87a8c95a07cb30d48.jpg
145.94248390197754,80.50761597428132,0,255,140.158052444458,80.68686660983904,1,255,0.1792506355577217,-5.784431457519531,151893dad65d5077f5a377fc9d0e6881.jpg
123.2987699508667,66.67033621152585,0,255,123.64073085784912,71.00179229925116,2,255,4.331456087725314,0.3419609069824219,a76703a9a5a6459ca0c4ba8407403bc0.jpg
141.84335803985596,70.36996344640747,0,237,139.00131797790527,69.76105925809648,1,251,-0.6089041883109871,-2.8420400619506836,8222ee980c821621f5a6cff2b212b2ff.jpg
149.3425464630127,52.83881673321591,0,245,144.57462215423584,54.61686947230016,1,252,1.7780527390842522,-4.7679243087768555,2461bde97f5dad74ca07c6a5e6ce56c1.jpg
149.3455572128296,79.52769543669378,0,255,139.6282958984375,79.12785428586048,1,255,-0.3998411508332964,-9.71726131439209,4cccd244506af875fc9d2a32ad2b4b96.jpg
168.49963760375977,49.43370404107736,0,249,155.5095920562744,55.74623414670464,0,253,6.312530105627275,-12.990045547485352,7aff3521c214e535c920bdbd0b1a8a45.jpg
136.2645778656006,64.23524506178651,0,227,135.2747983932495,64.82905469209769,1,249,0.5938096303111706,-0.9897794723510742,c465dd63a0c768fac5d985c9d14c4aa8.jpg
128.88672637939453,46.973579567698636,0,254,137.06951427459717,52.73210301488665,1,255,5.758523447188011,8.182787895202637,053cf0f0a75926ebd53f0265bad6aee4.jpg
157.4493818283081,73.47155165327098,0,255,148.8457269668579,74.89196604685756,1,255,1.420414393586583,-8.603654861450195,a68ee14d5193f59a98c5ff0e150c8174.jpg
146.57786178588867,56.07504359274082,0,245,141.85161590576172,59.63904881559634,0,253,3.5640052228555206,-4.726245880126953,077c76dffde69c0b90c28d78ef2ac31e.jpg
144.4236068725586,82.17009191965954,0,255,140.5081024169922,79.8679761061588,1,255,-2.302115813500734,-3.9155044555664062,36a0490889068162384a000b02d37ad4.jpg
114.15805625915527,63.023709125183295,0,236,121.53121089935303,64.16347697124445,0,251,1.1397678460611544,7.373154640197754,c8772752985ad53b7c0214c4c954dd01.jpg
109.71482563018799,65.7488517962939,0,233,118.75593662261963,63.802117862531645,0,251,-1.9467339337622604,9.04111099243164,2a335bf71ad32a097557e379b6113ce9.jpg
108.81508159637451,65.20220706118312,0,255,116.34576606750488,72.43038832031897,2,255,7.228181259135852,7.530684471130371,0f186e3eba8d9ebd51feed957204ddbf.jpg
154.47692584991455,88.91582673541494,0,253,142.87001514434814,85.04665004648832,0,255,-3.869176688926615,-11.606910705566406,db8d818bc4047e5c02af17c31bb78009.jpg
129.9409885406494,62.75053346634303,0,255,134.22834873199463,68.09997277330176,2,255,5.349439306958729,4.287360191345215,01d6446afde9fbf4332904bc331e9660.jpg
145.20396041870117,66.46270626476739,0,255,146.75494194030762,67.09269058528865,0,255,0.6299843205212596,1.5509815216064453,b761841b1bffc40e56e97a869f994f69.jpg
122.22030258178711,63.09800805774854,0,255,125.33218383789062,68.66968886314791,2,255,5.5716808053993745,3.1118812561035156,51252d90beb12e47b0684e8673080ee0.jpg
117.03968143463135,70.44732303647102,0,255,119.69966220855713,74.45703820828503,1,255,4.009715171814008,2.6599807739257812,9b12521fa480b7872a66995a796f03e5.jpg
156.7396879196167,79.62484017178211,0,255,152.2470989227295,77.08217093309489,1,255,-2.5426692386872247,-4.492588996887207,4c136dc24756a39edd30f610a01029df.jpg
147.4555263519287,72.90985642674953,0,255,141.18917274475098,73.65352044089654,1,255,0.743664014147015,-6.266353607177734,865ea295fcf3442224a58a60a9190b41.jpg
131.28155040740967,63.55961954735966,0,250,130.99479389190674,63.745876572188486,0,254,0.18625702482882645,-0.2867565155029297,e2f74cb96fb90ec20839f4ff497c007f.jpg
102.09666156768799,39.84645996061269,0,255,116.31606388092041,53.65980751767282,1,255,13.813347557060126,14.219402313232422,67cfebc952a1751733ad336895f0d73c.jpg
163.07558631896973,49.9120362443398,0,238,154.22598552703857,54.38290792196521,1,252,4.470871677625411,-8.849600791931152,b5c56a5624857bd608eeadd16a7f566b.jpg
143.29420375823975,57.80298227361017,0,255,141.33045864105225,61.98167483515731,0,255,4.1786925615471375,-1.9637451171875,1a4f3604083f0bb00c748cd1c19236c2.jpg
84.22064685821533,64.36142615042493,0,255,97.22281074523926,72.80368353931969,2,255,8.44225738889476,13.002163887023926,18b362567e282e3ada32ee486ea6bad1.jpg
86.07133483886719,41.77851371568953,2,190,106.96617603302002,50.544847322058196,1,234,8.766333606368669,20.894841194152832,163898fbc57f00f58ad27e72031a541f.jpg
90.8996810913086,48.82450415533188,1,206,112.94758033752441,53.81304070692491,1,237,4.988536551593029,22.04789924621582,a3411581087b63a70a2bdba24e55ff4e.jpg
162.78872108459473,71.86932773164821,0,255,155.08731079101562,73.03535913128572,0,255,1.1660313996375038,-7.701410293579102,330423a5c20c1fab3ba43d966bd6e2e5.jpg
137.89910697937012,81.40378080418961,0,255,129.88761520385742,81.1890276977377,1,255,-0.2147531064519086,-8.011491775512695,b9e484fa14cf5877736daa59b2ce2b24.jpg
